Iepirkuma ID,Nr,Atbilde,Sagaidāmā atbilde,Pamatojums,Chunk,Prompt
KND-2020_07,38.8-0,kontekstā nav informācijas,nē,"```json
{
  ""answer"": ""kontekstā nav informācijas"",
  ""rate"": ""vidēja"",
  ""explanation"": ""Kontekstā nav tiešas norādes, ka pasūtītājs atklātā vai slēgtā konkursā ir paredzējis piemērot PIL 41. panta vienpadsmitās daļas 1. punkta regulējumu. Lai atbildētu uz šo jautājumu, būtu nepieciešama konkrēta informācija no iepirkuma procedūras dokumentiem, kas norādītu, ka līgumcena ir noteikta kā piedāvājuma atbilstības prasība.""
}
```","['1. NOSACĪJUMI PRETENDENTA DALĪBAI ATKLĀTĀ KONKURSĀ\n2.1. Pretendentu kvalifikācijas prasības ir obligātas visiem pretendentiem, kas vēlas iegūt tiesības veikt Iepirkuma priekšmeta izpildi un noslēgt iepirkuma līgumu.\n2.2. Komisija pārbauda vai pretendentam, kuram būtu piešķiramas līguma slēgšanas tiesības, nav konstatējami PIL 42.panta pirmās daļas izslēgšanas nosacījumi. Pretendents tiek izslēgts no dalības iepirkuma procedūrā, ja uz to attiecas PIL 42. panta pirmās daļas noteiktie izslēgšanas noteikumi. Pretendentu izslēgšanas gadījumi tiks pārbaudīti Publisko iepirkumu likuma 42.pantā noteiktajā kārtībā. Izslēgšanas gadījumi ir attiecināmi arī uz personālsabiedrības biedru, ja pretendents ir personālsabiedrība.\nIzslēgšanas gadījumi ir attiecināmi arī uz pretendenta norādīto apakšuzņēmēju, kura veicamo darbu vai sniedzamo pakalpojumu vērtība ir vismaz 10 procenti no kopējās līguma vērtības, kā arī uz pretendenta norādīto personu, uz kuras iespējām pretendents balstās, lai apliecinātu, ka tā kvalifikācija atbilst paziņojumā par līgumu vai iepirkuma procedūras dokumentos noteiktajām prasībām. Izslēgšanas gadījumi tiks pārbaudīti PIL 42.pantā noteiktajā kārtībā.\n2.3. Ja pretendents vai personālsabiedrības biedrs, ja pretendents ir personālsabiedrība, atbilst Publisko iepirkumu likuma 42. panta pirmās daļas 1., 3., 4., 5., 6. vai 7. punktā minētajam izslēgšanas gadījumam, pretendents norāda to pieteikumā un, ja tiek atzīts par tādu, kuram būtu piešķiramas līguma slēgšanas tiesības, iesniedz skaidrojumu un pierādījumus par nodarītā kaitējuma atlīdzināšanu vai noslēgtu vienošanos par nodarītā kaitējuma atlīdzināšanu, sadarbošanos ar izmeklēšanas iestādēm un veiktajiem tehniskajiem, organizatoriskajiem vai personālvadības pasākumiem, lai pierādītu savu uzticamību un novērstu tādu pašu un līdzīgu gadījumu atkārtošanos nākotnē. Uzticamības nodrošināšanai iesniegto pierādījumu vērtēšanu Komisija veic saskaņā ar PIL 43.pantu.\n2.4. Saskaņā ar Starptautisko un Latvijas Republikas nacionālo sankciju likuma 11.1pantu, Komisija pārbaudīs, vai attiecībā uz pretendentu, tā valdes vai padomes locekli, patieso labuma guvēju, pārstāvēttiesīgo personu vai prokūristu, vai personu, kura ir pilnvarota pārstāvēt pretendentu darbībās, kas saistītas ar filiāli, vai personālsabiedrības biedru, tā valdes vai padomes locekli, patieso labuma guvēju, pārstāvēttiesīgo personu vai prokūristu, ja pretendents ir personālsabiedrība, ir noteiktas starptautiskās vai nacionālās sankcijas vai būtiskas finanšu un kapitāla tirgus intereses ietekmējošas Eiropas Savienības vai Ziemeļatlantijas līguma organizācijas dalībvalsts noteiktās sankcijas, kuras ietekmē līguma izpildi. Ja attiecībā uz minēto pretendentu ir noteiktas starptautiskās vai nacionālās sankcijas vai būtiskas finanšu un kapitāla tirgus intereses ietekmējošas Eiropas Savienības vai Ziemeļatlantijas līguma organizācijas dalībvalsts noteiktās sankcijas, kuras kavē līguma izpildi, tas ir izslēdzams no dalības līguma slēgšanas tiesību piešķiršanas procedūrā.', '1. 14. Cita informācija\n1.14.1. Pretendenta iesniegtais piedāvājums nozīmē pilnīgu šī Konkursa Nolikuma noteikumu pieņemšanu un atbildību par to izpildi.\n1.14.2. Pēc piedāvājumu iesniegšanas termiņa beigām pretendents nevar savu piedāvājumu grozīt.\n1.14.3. Pretendentam ir pilnībā jāsedz piedāvājuma sagatavošanas un iesniegšanas izmaksas. Pasūtītājs neuzņemas nekādas saistības par šīm izmaksām neatkarīgi no Konkursa rezultāta.\n1.14.4. Visi Nolikuma pielikumi ir tā neatņemamas sastāvdaļas.', '1. PRETENDENTA TIESĪBAS UN PIENĀKUMI\n12. 1. Pretendenta tiesības:\n* + 1. pirms piedāvājumu iesniegšanas termiņa beigām grozīt vai atsaukt iesniegto piedāvājumu;\n2. iesniegt iesniegumu par iepirkuma procedūras pārkāpumiem PIL 68.pantā noteiktajā kārtībā;\n3. citas pretendenta tiesības saskaņā ar Publisko iepirkumu likumu, šo Nolikumu un Latvijas Republikā spēkā esošajiem normatīvajiem aktiem.\n1. **Pretendenta pienākumi:**\n     1. iesniegt piedāvājumus atbilstoši Nolikuma prasībām;\n2. sniegt patiesu informāciju;\n3. sniegt atbildes uz Komisijas pieprasījumiem par papildus informāciju, kas nepieciešama pretendentu atlasei, piedāvājumu atbilstības pārbaudei un izvēlei;\n4. segt visas un jebkuras izmaksas, kas saistītas ar piedāvājumu sagatavošanu un iesniegšanu neatkarīgi no atklāta konkursa rezultāta;\n5. citi pretendenta pienākumi saskaņā ar Publisko iepirkumu likumu, šo Nolikumu un Latvijas Republikā spēkā esošajiem normatīvajiem aktiem.', '5. Ja piedāvājumu iesniedz piegādātāju apvienība vai personālsabiedrība, piedāvājumā papildus norāda personu, kura Konkursā pārstāv attiecīgo piegādātāju apvienību vai personālsabiedrību, kā arī katras personas atbildības sadalījumu. Ja līguma slēgšanas tiesības iegūst pretendents, kurš ir piegādātāju apvienība, tad tam ir pienākums pirms līguma noslēgšanas, 5 (piecu) dienu laikā pēc PIL 60.panta sestajā daļā minētā nogaidīšanas termiņa beigām iesniegt pasūtītājam nepieciešamo informāciju līguma slēgšanai, ievērojot šī nolikuma 10.4.punktā minētos nosacījumus.\n* 1. **Piedāvājuma nodrošinājums**\n1.13.1. Pretendentam ir jāpievieno piedāvājumam no savas puses neatsaucams piedāvājuma nodrošinājums. Piedāvājuma nodrošinājums iepirkuma 1.daļai ir noteikts EUR 3 000,- (*trīs tūkstoši* *euro*) apmērā, iepirkuma 2.daļai- EUR 2 000,- (*divi tūkstoši euro*) apmērā. Piedāvājuma nodrošinājumam jābūt spēkā 90 dienas no piedāvājumu iesniegšanas termiņa beigām.\n1.13.2. Piedāvājuma nodrošinājums drīkst būt:\n1.13.2.1. bankas garantija;\n1.13.2.2. apdrošināšanas polise;\n1.13.2.3. kā naudas summas iemaksa pasūtītāja norādītajā kontā.\n1.13.3. Bankas garantijai jāatbilst šādiem noteikumiem:\n1.13.3.1. garantijas devējam jāapņemas samaksāt pasūtītājam garantijas summu PIL 50.panta sestajā daļā noteiktajos gadījumos;\n1.13.3.2. garantijai jābūt spēkā iepirkuma nolikumā noteiktajā termiņā;\n1.13.3.3. garantijai jābūt no pretendenta puses neatsaucamai;\n1.13.3.4. pasūtītājam nav jāpieprasa garantijas summa no pretendenta pirms prasības iesniegšanas garantijas devējam;\n1.13.3.5. garantijai piemērojami Starptautiskās tirdzniecības kameras noteikumi „The ICC Uniform Rules for Demand Guarantees”, ICC Publication No.758, bet attiecībā uz jautājumiem, kurus neregulē minētie Starptautiskās tirdzniecības kameras noteikumi, šai garantijai piemērojami Latvijas Republikas normatīvie akti. Prasības un strīdi, kas saistīti ar šo garantiju, izskatāmi Latvijas Republikas tiesā saskaņā ar Latvijas Republikas normatīvajiem tiesību aktiem;\n1.13.3.6. pretendentam, kura piedāvājums izraudzīts saskaņā ar piedāvājuma izvēles kritērijiem, piedāvājuma nodrošinājumam jābūt spēkā līdz dienai, kad tiks iesniegts līguma saistību izpildes nodrošinājums (ja tas ir noteikts līguma projektā).\n1.13.4. Apdrošināšanas polisei jāatbilst šādiem noteikumiem:\n1.13.4.1. apdrošinātājam jāapņemas samaksāt pasūtītājam piedāvājuma nodrošinājuma summu PIL 50.panta sestajā daļā noteiktajos gadījumos;\n1.13.4.2. apdrošināšanas polisei jābūt spēkā iepirkuma nolikumā noteiktajā termiņā un izpildāmai no piedāvājuma atvēršanas brīža, t.i., apdrošināšanas prēmijai jābūt samaksātai uz piedāvājuma iesniegšanas brīdi, ko pierāda piedāvājumā iekļautais samaksu apliecinošais dokuments;\n1.13.4.3. polisei jābūt no pretendenta puses neatsaucamai;\n1.13.4.4. pasūtītājam nav jāpieprasa piedāvājuma nodrošinājuma summa no pretendenta pirms prasības iesniegšanas apdrošinātājam;\n1.13.4.5. prasības un strīdi, kas saistīti ar šo apdrošināšanas polisi, izskatāmi Latvijas Republikas tiesā saskaņā ar Latvijas Republikas normatīvajiem tiesību aktiem;', '1. Lēmuma pieņemšana par līguma slēgšanas tiesību piešķiršanu\n   1. Komisija par pretendentu, kuram būtu piešķiramas līguma slēgšanas tiesības atzīs pretendentu, kurš atbilst visām Nolikuma prasībām, un kurš ir iesniedzis saimnieciski visizdevīgāko piedāvājumu.\n2. Pirms lēmuma pieņemšanas par līguma slēgšanas tiesību piešķiršanu, Komisija pārbaudīs, vai uz pretendentu, kuram būtu piešķiramas līguma slēgšanas tiesības, neattiecas Publisko iepirkumu likuma 42.panta pirmajā daļā minētie izslēgšanas nosacījumi, kā arī Starptautisko un Latvijas Republikas nacionālo sankciju likumā noteiktie ierobežojumi. Pretendenta izslēgšanas gadījumi tiks pārbaudīti Publisko iepirkumu likuma 42. pantā noteiktajā kārtībā.\n3. Veicot izslēgšanas gadījumu pārbaudi attiecībā uz apakšuzņēmēju, kura sniedzamo pakalpojumu vērtība ir vismaz 10 procenti no kopējās līguma vērtības, kā uz pretendenta norādīto personu, uz kuras iespējām pretendents balstās, lai apliecinātu, ka tā kvalifikācija atbilst paziņojumā par līgumu vai iepirkuma procedūras dokumentos noteiktajām prasībām, tiks ņemti vērā PIL 42.panta septītās daļas nosacījumi.']","Kontekstā ir fragmenti no nolikuma. Atbildi uz lietotāja jautājumu, balstoties uz informāciju kontekstā. Seko lietotāja instrukcijām. Spriešanai izmanto izvilkumus no likumiem, ja tādi ir doti. Vienmēr atgriez rezultātu JSON formtā, ietverot atslēgas: 1) 'answer' ar iespējamām vērtībām  'jā', 'nē', vai 'kontekstā nav informācijas'; 2) 'rate' - pārliecību par atbildi skalā  'zema', 'vidēja', 'augsta'; 3) 'explanation' - fragments no konteksta, kas pamato 'jā' vai 'nē' atbildi, vai paskaidrjums, kāda informācija ir nepieciešama, lai atbildētu."
KND-2020_07,38.8,X,n/a,,,
KND-2020_20,38.8-0,jā,nē,"```json
{
  ""answer"": ""jā"",
  ""rate"": ""augsta"",
  ""explanation"": ""Kontekstā ir norādīts, ka piedāvājuma noraidīšanas iespējas tiek vērtētas saskaņā ar Publisko iepirkumu likumu (PIL). Turklāt <law> izvilkumā ir skaidri minēts, ka pasūtītājs noraida pretendenta piedāvājumu, ja pretendenta piedāvātā līgumcena pārsniedz iepirkuma procedūras dokumentos pasūtītāja norādīto līgumcenu, ja tā noteikta kā piedāvājuma atbilstības prasība (PIL 41. panta vienpadsmitās daļas 1. punkts).""
}
```","['1. NOSACĪJUMI PRETENDENTA DALĪBAI ATKLĀTĀ KONKURSĀ\n2.1. Pretendentu kvalifikācijas prasības ir obligātas visiem pretendentiem, kas vēlas iegūt tiesības veikt Iepirkuma priekšmeta izpildi un noslēgt iepirkuma līgumus.\n2.2. Komisija pārbauda vai pretendentam, kuram būtu piešķiramas līguma slēgšanas tiesības, nav konstatējami PIL 42.panta pirmās daļas izslēgšanas nosacījumi. Pretendents tiek izslēgts no dalības iepirkuma procedūrā, ja uz to attiecas PIL 42. panta pirmās daļas noteiktie izslēgšanas noteikumi. Pretendentu izslēgšanas gadījumi tiks pārbaudīti Publisko iepirkumu likuma 42.pantā noteiktajā kārtībā. Izslēgšanas gadījumi ir attiecināmi arī uz personālsabiedrības biedru, ja pretendents ir personālsabiedrība.\nIzslēgšanas gadījumi ir attiecināmi arī uz pretendenta norādīto apakšuzņēmēju, kura veicamo darbu vai sniedzamo pakalpojumu vērtība ir vismaz 10 procenti no kopējās līguma vērtības, kā arī uz pretendenta norādīto personu, uz kuras iespējām pretendents balstās, lai apliecinātu, ka tā kvalifikācija atbilst paziņojumā par līgumu vai iepirkuma procedūras dokumentos noteiktajām prasībām.\n2.3. Ja pretendents vai personālsabiedrības biedrs, ja pretendents ir personālsabiedrība, atbilst Publisko iepirkumu likuma 42. panta pirmās daļas 1., 3., 4., 5., 6. vai 7. punktā minētajam izslēgšanas gadījumam, pretendents norāda to pieteikumā un, ja tiek atzīts par tādu, kuram būtu piešķiramas līguma slēgšanas tiesības, iesniedz skaidrojumu un pierādījumus par nodarītā kaitējuma atlīdzināšanu vai noslēgtu vienošanos par nodarītā kaitējuma atlīdzināšanu, sadarbošanos ar izmeklēšanas iestādēm un veiktajiem tehniskajiem, organizatoriskajiem vai personālvadības pasākumiem, lai pierādītu savu uzticamību un novērstu tādu pašu un līdzīgu gadījumu atkārtošanos nākotnē. Uzticamības nodrošināšanai iesniegto pierādījumu vērtēšanu Komisija veic saskaņā ar PIL 43.pantu.\n2.4. Saskaņā ar Starptautisko un Latvijas Republikas nacionālo sankciju likuma 11.1pantu, Komisija pārbauda, vai attiecībā uz pretendentu, tā valdes vai padomes locekli, pārstāvēttiesīgo personu vai prokūristu vai personu, kura ir pilnvarota pārstāvēt pretendentu darbībās, kas saistītas ar filiāli, vai personālsabiedrības biedru, ja pretendents ir personālsabiedrība, ir noteiktas starptautiskās vai nacionālās sankcijas vai būtiskas finanšu un kapitāla tirgus intereses ietekmējošas Eiropas Savienības vai Ziemeļatlantijas līguma organizācijas dalībvalsts noteiktās sankcijas, kuras ietekmē līguma izpildi. Ja attiecībā uz minēto pretendentu ir noteiktas starptautiskās vai nacionālās sankcijas vai būtiskas finanšu un kapitāla tirgus intereses ietekmējošas Eiropas Savienības vai Ziemeļatlantijas līguma organizācijas dalībvalsts noteiktās sankcijas, kuras kavē līguma izpildi, tas ir izslēdzams no dalības līguma slēgšanas tiesību piešķiršanas procedūrā.\nMinēto pārbaudi veic arī attiecībā uz pretendenta norādīto apakšuzņēmēju, kura sniedzamo pakalpojumu vērtība ir vismaz 10 procenti no kopējās līguma vērtības, vai personu, uz kuras iespējām pretendents balstās, lai apliecinātu, ka tā kvalifikācija atbilst paziņojumā par līgumu, iepirkuma procedūras dokumentos noteiktajām prasībām.', '1. 14. Cita informācija\n1.14.1. Pretendenta iesniegtais piedāvājums nozīmē pilnīgu šī Konkursa Nolikuma noteikumu pieņemšanu un atbildību par to izpildi.\n1.14.2. Pēc piedāvājumu iesniegšanas termiņa beigām pretendents nevar savu piedāvājumu grozīt.\n1.14.3. Pretendentam ir pilnībā jāsedz piedāvājuma sagatavošanas un iesniegšanas izmaksas. Pasūtītājs neuzņemas nekādas saistības par šīm izmaksām neatkarīgi no Konkursa rezultāta.\n1.14.4. Visi Nolikuma pielikumi ir tā neatņemamas sastāvdaļas.', '1. PRETENDENTA TIESĪBAS UN PIENĀKUMI\n11. 1. Pretendenta tiesības:\n* + 1. pirms piedāvājumu iesniegšanas termiņa beigām grozīt vai atsaukt iesniegto piedāvājumu;\n2. piedalīties piedāvājumu atvēršanas sanāksmē;\n3. iesniegt iesniegumu par iepirkuma procedūras pārkāpumiem PIL 68.pantā noteiktajā kārtībā;\n4. citas pretendenta tiesības saskaņā ar Publisko iepirkumu likumu, šo Nolikumu un Latvijas Republikā spēkā esošajiem normatīvajiem aktiem.\n1. **Pretendenta pienākumi:**\n     1. iesniegt piedāvājumus atbilstoši Nolikuma prasībām;\n2. sniegt patiesu informāciju;\n3. sniegt atbildes uz Komisijas pieprasījumiem par papildus informāciju, kas nepieciešama pretendentu atlasei, piedāvājumu atbilstības pārbaudei un izvēlei;\n4. segt visas un jebkuras izmaksas, kas saistītas ar piedāvājumu sagatavošanu un iesniegšanu neatkarīgi no atklāta konkursa rezultāta;\n5. citi pretendenta pienākumi saskaņā ar Publisko iepirkumu likumu, šo Nolikumu un Latvijas Republikā spēkā esošajiem normatīvajiem aktiem.', '1. Lēmuma pieņemšana par līguma slēgšanas tiesību piešķiršanu\n   1. Komisija par pretendentu, kuram būtu piešķiramas līguma slēgšanas tiesības katrai iepirkuma daļai atsevišķi atzīst pretendentu, kurš atbilst visām Nolikuma prasībām un kurš ir iesniedzis saimnieciski visizdevīgāko piedāvājumu.\n2. Pirms lēmuma pieņemšanas par līguma slēgšanas tiesību piešķiršanu, Komisija pārbauda, vai uz pretendentu, kuram būtu piešķiramas līguma slēgšanas tiesības, neattiecas Publisko iepirkumu likuma 42.panta pirmajā daļā minētie izslēgšanas nosacījumi, pretendentu izslēgšanas gadījumi tiks pārbaudīti Publisko iepirkumu likuma 42. pantā noteiktajā kārtībā, kā arī Starptautisko un Latvijas Republikas nacionālo sankciju likumā noteiktie ierobežojumi.\n3. Veicot izslēgšanas gadījumu pārbaudi attiecībā uz apakšuzņēmēju, kura sniedzamo pakalpojumu vērtība ir vismaz 10 procenti no kopējās līguma vērtības, kā uz pretendenta norādīto personu, uz kuras iespējām pretendents balstās, lai apliecinātu, ka tā kvalifikācija atbilst paziņojumā par līgumu vai iepirkuma procedūras dokumentos noteiktajām prasībām, jāņem vērā PIL 42.panta septītā daļa.', '1. PIEDĀVĀJUMU VĒRTĒŠANA UN PIEDĀVĀJUMA IZVĒLE\n   1. **Piedāvājuma vērtēšanas pamatnoteikumi**\nKomisija piedāvājumu vērtēšanu veic slēgtās sēdēs, kuru gaitā notiek piedāvājumu noformējuma pārbaude, pretendentu atlase, tehnisko piedāvājumu atbilstības pārbaude, finanšu piedāvājumu atbilstības pārbaude un piedāvājumu izvēle. Komisija ir tiesīga pretendentu kvalifikācijas atbilstības pārbaudi veikt tikai tam pretendentam, kuram būtu piešķiramas iepirkuma līguma slēgšanas tiesības.\n* 1. **Piedāvājuma noformējuma pārbaude**\n     1. Komisija pārbauda vai pretendenta iesniegtais piedāvājums atbilst Nolikuma 1.12.punktā noteiktajām prasībām.\n2. Ja piedāvājums neatbilst kādai no piedāvājumu noformējuma prasībām, Komisija lemj par šī piedāvājuma tālāku izskatīšanu.\n2. **Pretendentu kvalifikācijas pārbaude**\n     1. Pretendentu kvalifikācijas pārbaudē Komisija pārbauda pretendenta atbilstību Nolikuma 3.punktā noteiktajām prasībām saskaņā ar pretendenta iesniegtajiem dokumentiem.\n2. Pretendents tiek izslēgts no turpmākās dalības Konkursā un piedāvājums netiek tālāk izvērtēts, ja Komisija konstatē, ka pretendents iesniedzis nepatiesu informāciju savas kvalifikācijas novērtēšanai vai vispār nav iesniedzis pieprasīto informāciju, tajā skaitā, nav sniedzis Komisijas pieprasīto papildus informāciju Komisijas noteiktajā termiņā vai kvalifikācijas dokumenti nav iesniegti atbilstoši Nolikuma prasībām, vai to saturs neatbilst Nolikuma prasībām. Komisija kvalifikācijas pārbaudi veiks tikai tam pretendentam, kuram būtu pieškiramas līguma slēgšanas tiesības.\n3. **Tehniskā piedāvājuma pārbaude**\n     1. Komisija slēgtā sēdē veiks pretendentu tehnisko piedāvājumu atbilstības pārbaudi Nolikumā un tehniskajā specifikācijā noteiktajām prasībām.\n2. Tehniskajā piedāvājumā jānorāda preču apraksts, tehniskos rādītājus un šo preču izmaksas.\n3. Norādot piedāvātās preces tehniskajā piedāvājumā nav pieļaujamas atsauces “vai ekvivalents” un/vai “vai analogs” lietošana. Pretendentam konkrēti jānorāda tās preces, kuru izmaksas pretendents ir iekļāvis piedāvājumā. Ja šāda atsauce tiks atstāta, tad pasūtītājs uzskatīs, ka pretendents ir piedāvājis tehniskajā specifikācijā norādītās preces, nevis ekvivalentu/analogu.\n4. Tehniskajā piedāvājumā Pretendentiem ailēs ""atbilst"" un/vai ""neatbilst"" jāsniedz izvērsti apraksti, atbilstoši Pasūtītāja prasībām, nepietiek norādīt “atbilst” un/vai “neatbilst”, jāsniedz konkrēti Pretendenta piedāvāto preču apraksti un jānorāda to raksturlielumus (atbilstoši prasībām).\n5. Norādot preces aprakstu tehniskajā piedāvājumā, nav pieļaujama atsauces ""vai ekvivalents"" un/vai ""vai analogs"" lietošana. Pretendentam konkrēti jānorāda tās preces nosaukums, kuras tiks piegādātas pasūtītājam, ja pretendentam tiks piešķirtas līguma slēgšanas tiesības un tiks noslēgts līgums. Ja šāda atsauce tiks atstāta, tad pasūtītājs uzskatīs, ka pretendents ir piedāvājis tehniskajā specifikācijā norādīto preci, nevis ekvivalentu/analogu. Pretendents ir tiesīgs piedāvāt preces analogu (ekvivalentu). Ja pretendents piedāvā Tehniskajā piedāvājumā norādītās preces analogu (ekvivalentu), obligāti jāpievieno pretendenta apliecinājums par to, ka piedāvātais preces analogs atbilst tehniskajā specifikācijā prasībām.']","Kontekstā ir fragmenti no nolikuma. Atbildi uz lietotāja jautājumu, balstoties uz informāciju kontekstā. Seko lietotāja instrukcijām. Spriešanai izmanto izvilkumus no likumiem, ja tādi ir doti. Vienmēr atgriez rezultātu JSON formtā, ietverot atslēgas: 1) 'answer' ar iespējamām vērtībām  'jā', 'nē', vai 'kontekstā nav informācijas'; 2) 'rate' - pārliecību par atbildi skalā  'zema', 'vidēja', 'augsta'; 3) 'explanation' - fragments no konteksta, kas pamato 'jā' vai 'nē' atbildi, vai paskaidrjums, kāda informācija ir nepieciešama, lai atbildētu."
KND-2020_20,38.8,jā,n/a,"```json
{
  ""answer"": ""jā"",
  ""rate"": ""augsta"",
  ""explanation"": ""Saskaņā ar PIL 11. punktu, pasūtītājs noraida pretendenta piedāvājumu, ja pretendenta piedāvātā līgumcena pārsniedz iepirkuma procedūras dokumentos pasūtītāja norādīto līgumcenu, ja tā noteikta kā piedāvājuma atbilstības prasība. Tādējādi, ja iepirkuma dokumentācijā ir norādīta līgumcena un šāds noteikums, piedāvājums, kas pārsniedz šo cenu, tiks noraidīts.""
}
```","['2. IEPIRKUMA LĪGUMS\n   1. Lēmumu par Konkursa rezultātiem pasūtītājs pretendentiem paziņo rakstiski 3 (trīs) darba dienu laikā no dienas, kad pasūtītājs ir pieņēmis lēmumu par Konkursa rezultātiem.\n2. Ar Konkursa rezultātā Līguma slēgšanas tiesības ieguvušo pretendentu tiks noslēgts Līgums par katru iepirkuma daļu atsevišķi saskaņā ar Konkursā iesniegto pretendenta piedāvājumu un iepirkuma dokumentiem pievienotajiem Līguma projektiem, kas ir Nolikuma neatņemama sastāvdaļa.\n3. Iepirkuma līgumi tiks slēgti pēc nogaidīšanas termiņa beigām. Izraudzītajam pretendentam līgumi jāparaksta ne vēlāk kā trīs darba dienu laikā pēc attiecīga uzaicinājuma saņemšanas.\n4. Ja iepirkuma līgums būs slēdzams ar piegādātāju apvienību, tad pirms iepirkuma līguma noslēgšanas piegādātāju apvienībai jānoslēdz sabiedrības līgums saskaņā ar normatīvajiem aktiem un viens tā eksemplārs jāiesniedz pasūtītājam. Sabiedrības līgumu var aizstāt ar pilnsabiedrības nodibināšanu, iesniedzot reģistrācijas dokumenta kopiju vai norādot reģistrācijas numuru.\n5. Piedāvājumā norādītā apakšuzņēmēju nomaiņa pieļaujama tikai iepirkuma līgumā norādītajā kārtībā, kā arī saskaņā ar PIL nosacījumiem.\n6. Ja pretendents, kuram piešķirtas iepirkuma līguma slēgšanas tiesības, atteiksies slēgt iepirkuma līgumu ar pasūtītāju, Komisijai ir tiesības pieņemt lēmumu par iepirkuma līguma slēgšanas tiesības piešķiršanu nākamajam pretendentam, kurš ir piedāvājis saimnieciski visizdevīgāko piedāvājumu, vai pārtraukt iepirkuma procedūru, neizvēloties nevienu piedāvājumu. Ja pieņemts lēmums iepirkuma līguma slēgšanas tiesības piešķirt nākamajam pretendentam, kurš ir piedāvājis saimnieciski visizdevīgāko piedāvājumu, bet tas atsakās slēgt iepirkuma līgumu, Komisija pieņem lēmumu pārtraukt iepirkuma procedūru, neizvēloties nevienu piedāvājumu.\n7. Pirms lēmuma pieņemšanas par iepirkuma līguma slēgšanu ar nākamo pretendentu, kurš piedāvājis saimnieciski visizdevīgāko piedāvājumu, pasūtītājs izvērtēs, vai tas nav uzskatāms par vienu tirgus dalībnieku kopā ar sākotnēji izraudzīto pretendentu, kurš atteicās slēgt iepirkuma līgumu ar pasūtītāju. Ja nepieciešams, pasūtītājs pieprasīs no nākamā pretendenta apliecinājumu un pierādījumus, ka tas nav uzskatāms par vienu tirgus dalībnieku kopā ar sākotnēji izraudzīto pretendentu.\n8. Ja nākamais pretendents, kurš piedāvājis saimnieciski visizdevīgāko piedāvājumu, ir uzskatāms par vienu tirgus dalībnieku kopā ar sākotnēji izraudzīto pretendentu, vai nākamais pretendents atsakās slēgt iepirkuma līgumu, pasūtītājs var pieņemt lēmumu pārtraukt Konkursu, neizvēloties nevienu piedāvājumu.', '6. Pretendenta piedāvājums tiek izslēgts no dalības Konkursā un netiek tālāk izvērtēts, ja Komisija konstatē, ka tehniskais piedāvājums neatbilst Nolikuma vai tehniskajā specifikācijā noteiktajām prasībām.\n7. Ja tehniskais piedāvājums atbilst Nolikuma un tehniskās specifikācijas prasībām, pretendenta piedāvājums tiek virzīts finanšu piedāvājuma vērtēšanai.\n4. **Finanšu piedāvājuma pārbaude**\n     1. Saskaņā ar PIL 41.panta devīto daļu Komisija veic aritmētisko kļūdu pārbaudi pretendentu finanšu piedāvājumos. Ja Komisija konstatē aritmētiskās kļūdas, Komisija šīs kļūdas labo. Par konstatētajām kļūdām un laboto piedāvājumu, Komisija informē pretendentu, kura piedāvājumā kļūdas tika konstatētas un labotas. Vērtējot piedāvājumu, Komisija ņem vērā veiktos labojumus.\n2. Komisija izvērtē, vai piedāvājums nav nepamatoti lēts. Ja Komisija konstatē nepamatoti lēta piedāvājuma pazīmes, tā pieprasa detalizētu skaidrojumu par piedāvāto cenu vai izmaksām.\n3. Pasūtītājs, konsultējoties ar pretendentu, izvērtē tā sniegtos skaidrojumus. Pasūtītājam ir tiesības prasīt, lai pretendents iesniedz izdrukas no Valsts ieņēmumu dienesta elektroniskās deklarēšanas sistēmas par pretendenta un tā piedāvājumā norādīto apakšuzņēmēju darbinieku vidējām stundas tarifa likmēm profesiju grupās, ja šādus datus apkopo Valsts ieņēmumu dienests.\n4. Pasūtītājs noraida piedāvājumu kā nepamatoti lētu, ja sniegtie skaidrojumi nepamato pretendenta piedāvātās cenas vai izmaksu līmeni vai ja cenā vai izmaksās nav iekļautas izmaksas, kas saistītas ar vides, sociālo un darba tiesību un darba aizsardzības jomas normatīvajos aktos un darba koplīgumos noteikto pienākumu ievērošanu.\n5. Ja pasūtītājs konstatē, ka piedāvājums ir nepamatoti lēts tāpēc, ka pretendents saņēmis komercdarbības atbalstu, piedāvājumu pēc konsultācijām ar pretendentu var noraidīt, tikai pamatojoties uz to, ka pretendents nevar pasūtītāja noteiktā saprātīgā termiņā pierādīt, ka saņemtais komercdarbības atbalsts ir saderīgs ar iekšējo tirgu atbilstoši Līguma par Eiropas Savienības darbību 107. pantam. Ja pasūtītājs noraida piedāvājumu šā iemesla dēļ, tas informē Eiropas Komisiju un Iepirkumu uzraudzības biroju par piedāvājuma noraidīšanu un noraidīšanas iemeslu.\n6. Pēc finanšu piedāvājuma atbilstības pārbaudes Nolikuma prasībām, Komisija veic saimnieciski izdevīgākā piedāvājuma vērtēšanu.\n5. **Piedāvājuma izvēles kritērijs.**\nPiedāvājuma izvērtēšanas kritērijs – **saimnieciski visizdevīgākais piedāvājums katrai atklāta konkursa daļai atsevišķi,** kuru nosaka ņemot vērā zemāk norādītos kritērijus:\nSaimnieciski visizdevīgākā piedāvājuma noteikšanā iepirkuma I daļā un II daļā izmanto šādus kritērijus:\n|  |  |  |\n| --- | --- | --- |\n|  | **Vērtēšanas kritērijs** | **Punkti** |\n|  | **Cena** | **84** |\n| K1 | Piedāvātā cena (*zemākā piedāvātā cena tiek dalīta ar vērtējamā piedāvājuma cenu un reizināta ar punktu skaitu par kritēriju*) | 84 |\n|  | **Piedāvājuma kvalitatīvie aspekti** | **16** |\n| K2 | Garantijas termiņš visām piedāvātajām precēm, izņemot programmatūru   * 5 gadi vai vairāk - 12 punkti * 4 gadi - 8 punkti * 3 gadi - 4 punkti * 2 gadi - 0 punkti | 12 |', '1. NOSACĪJUMI PRETENDENTA DALĪBAI ATKLĀTĀ KONKURSĀ\n2.1. Pretendentu kvalifikācijas prasības ir obligātas visiem pretendentiem, kas vēlas iegūt tiesības veikt Iepirkuma priekšmeta izpildi un noslēgt iepirkuma līgumus.\n2.2. Komisija pārbauda vai pretendentam, kuram būtu piešķiramas līguma slēgšanas tiesības, nav konstatējami PIL 42.panta pirmās daļas izslēgšanas nosacījumi. Pretendents tiek izslēgts no dalības iepirkuma procedūrā, ja uz to attiecas PIL 42. panta pirmās daļas noteiktie izslēgšanas noteikumi. Pretendentu izslēgšanas gadījumi tiks pārbaudīti Publisko iepirkumu likuma 42.pantā noteiktajā kārtībā. Izslēgšanas gadījumi ir attiecināmi arī uz personālsabiedrības biedru, ja pretendents ir personālsabiedrība.\nIzslēgšanas gadījumi ir attiecināmi arī uz pretendenta norādīto apakšuzņēmēju, kura veicamo darbu vai sniedzamo pakalpojumu vērtība ir vismaz 10 procenti no kopējās līguma vērtības, kā arī uz pretendenta norādīto personu, uz kuras iespējām pretendents balstās, lai apliecinātu, ka tā kvalifikācija atbilst paziņojumā par līgumu vai iepirkuma procedūras dokumentos noteiktajām prasībām.\n2.3. Ja pretendents vai personālsabiedrības biedrs, ja pretendents ir personālsabiedrība, atbilst Publisko iepirkumu likuma 42. panta pirmās daļas 1., 3., 4., 5., 6. vai 7. punktā minētajam izslēgšanas gadījumam, pretendents norāda to pieteikumā un, ja tiek atzīts par tādu, kuram būtu piešķiramas līguma slēgšanas tiesības, iesniedz skaidrojumu un pierādījumus par nodarītā kaitējuma atlīdzināšanu vai noslēgtu vienošanos par nodarītā kaitējuma atlīdzināšanu, sadarbošanos ar izmeklēšanas iestādēm un veiktajiem tehniskajiem, organizatoriskajiem vai personālvadības pasākumiem, lai pierādītu savu uzticamību un novērstu tādu pašu un līdzīgu gadījumu atkārtošanos nākotnē. Uzticamības nodrošināšanai iesniegto pierādījumu vērtēšanu Komisija veic saskaņā ar PIL 43.pantu.\n2.4. Saskaņā ar Starptautisko un Latvijas Republikas nacionālo sankciju likuma 11.1pantu, Komisija pārbauda, vai attiecībā uz pretendentu, tā valdes vai padomes locekli, pārstāvēttiesīgo personu vai prokūristu vai personu, kura ir pilnvarota pārstāvēt pretendentu darbībās, kas saistītas ar filiāli, vai personālsabiedrības biedru, ja pretendents ir personālsabiedrība, ir noteiktas starptautiskās vai nacionālās sankcijas vai būtiskas finanšu un kapitāla tirgus intereses ietekmējošas Eiropas Savienības vai Ziemeļatlantijas līguma organizācijas dalībvalsts noteiktās sankcijas, kuras ietekmē līguma izpildi. Ja attiecībā uz minēto pretendentu ir noteiktas starptautiskās vai nacionālās sankcijas vai būtiskas finanšu un kapitāla tirgus intereses ietekmējošas Eiropas Savienības vai Ziemeļatlantijas līguma organizācijas dalībvalsts noteiktās sankcijas, kuras kavē līguma izpildi, tas ir izslēdzams no dalības līguma slēgšanas tiesību piešķiršanas procedūrā.\nMinēto pārbaudi veic arī attiecībā uz pretendenta norādīto apakšuzņēmēju, kura sniedzamo pakalpojumu vērtība ir vismaz 10 procenti no kopējās līguma vērtības, vai personu, uz kuras iespējām pretendents balstās, lai apliecinātu, ka tā kvalifikācija atbilst paziņojumā par līgumu, iepirkuma procedūras dokumentos noteiktajām prasībām.', '1. PIEDĀVĀJUMU VĒRTĒŠANA UN PIEDĀVĀJUMA IZVĒLE\n   1. **Piedāvājuma vērtēšanas pamatnoteikumi**\nKomisija piedāvājumu vērtēšanu veic slēgtās sēdēs, kuru gaitā notiek piedāvājumu noformējuma pārbaude, pretendentu atlase, tehnisko piedāvājumu atbilstības pārbaude, finanšu piedāvājumu atbilstības pārbaude un piedāvājumu izvēle. Komisija ir tiesīga pretendentu kvalifikācijas atbilstības pārbaudi veikt tikai tam pretendentam, kuram būtu piešķiramas iepirkuma līguma slēgšanas tiesības.\n* 1. **Piedāvājuma noformējuma pārbaude**\n     1. Komisija pārbauda vai pretendenta iesniegtais piedāvājums atbilst Nolikuma 1.12.punktā noteiktajām prasībām.\n2. Ja piedāvājums neatbilst kādai no piedāvājumu noformējuma prasībām, Komisija lemj par šī piedāvājuma tālāku izskatīšanu.\n2. **Pretendentu kvalifikācijas pārbaude**\n     1. Pretendentu kvalifikācijas pārbaudē Komisija pārbauda pretendenta atbilstību Nolikuma 3.punktā noteiktajām prasībām saskaņā ar pretendenta iesniegtajiem dokumentiem.\n2. Pretendents tiek izslēgts no turpmākās dalības Konkursā un piedāvājums netiek tālāk izvērtēts, ja Komisija konstatē, ka pretendents iesniedzis nepatiesu informāciju savas kvalifikācijas novērtēšanai vai vispār nav iesniedzis pieprasīto informāciju, tajā skaitā, nav sniedzis Komisijas pieprasīto papildus informāciju Komisijas noteiktajā termiņā vai kvalifikācijas dokumenti nav iesniegti atbilstoši Nolikuma prasībām, vai to saturs neatbilst Nolikuma prasībām. Komisija kvalifikācijas pārbaudi veiks tikai tam pretendentam, kuram būtu pieškiramas līguma slēgšanas tiesības.\n3. **Tehniskā piedāvājuma pārbaude**\n     1. Komisija slēgtā sēdē veiks pretendentu tehnisko piedāvājumu atbilstības pārbaudi Nolikumā un tehniskajā specifikācijā noteiktajām prasībām.\n2. Tehniskajā piedāvājumā jānorāda preču apraksts, tehniskos rādītājus un šo preču izmaksas.\n3. Norādot piedāvātās preces tehniskajā piedāvājumā nav pieļaujamas atsauces “vai ekvivalents” un/vai “vai analogs” lietošana. Pretendentam konkrēti jānorāda tās preces, kuru izmaksas pretendents ir iekļāvis piedāvājumā. Ja šāda atsauce tiks atstāta, tad pasūtītājs uzskatīs, ka pretendents ir piedāvājis tehniskajā specifikācijā norādītās preces, nevis ekvivalentu/analogu.\n4. Tehniskajā piedāvājumā Pretendentiem ailēs ""atbilst"" un/vai ""neatbilst"" jāsniedz izvērsti apraksti, atbilstoši Pasūtītāja prasībām, nepietiek norādīt “atbilst” un/vai “neatbilst”, jāsniedz konkrēti Pretendenta piedāvāto preču apraksti un jānorāda to raksturlielumus (atbilstoši prasībām).\n5. Norādot preces aprakstu tehniskajā piedāvājumā, nav pieļaujama atsauces ""vai ekvivalents"" un/vai ""vai analogs"" lietošana. Pretendentam konkrēti jānorāda tās preces nosaukums, kuras tiks piegādātas pasūtītājam, ja pretendentam tiks piešķirtas līguma slēgšanas tiesības un tiks noslēgts līgums. Ja šāda atsauce tiks atstāta, tad pasūtītājs uzskatīs, ka pretendents ir piedāvājis tehniskajā specifikācijā norādīto preci, nevis ekvivalentu/analogu. Pretendents ir tiesīgs piedāvāt preces analogu (ekvivalentu). Ja pretendents piedāvā Tehniskajā piedāvājumā norādītās preces analogu (ekvivalentu), obligāti jāpievieno pretendenta apliecinājums par to, ka piedāvātais preces analogs atbilst tehniskajā specifikācijā prasībām.', '1. FINANŠU PIEDĀVĀJUMS\n6.1. Pretendentam ar pietiekamu rūpību jāizvērtē iepirkuma nolikuma nosacījumi un tehniskā specifikācija, jo ar piedāvājuma iesniegšanu pretendents apliecina, ka finanšu piedāvājumā ir iekļautas pilnīgi visas izmaksas, kas nepieciešamas iepirkuma nolikumā paredzētās piegādes izpildei pienācīgā kvalitātē un apjomā.\n6.2. Finanšu piedāvājuma vēstulei jābūt sagatavotai atbilstoši paraugam, tajā norādītajai cenai jābūt izteiktai *euro*. Piedāvājuma cenā jāiekļauj visas izmaksas, kuras jāapmaksā Pasūtītājam iepirkuma līgumu ietvaros, izņemot PVN.\n6.3. Finanšu piedāvājuma izvērtēšanai jāiesniedz:\n**I daļai**\n6.3.1. finanšu piedāvājuma vēstule saskaņā ar II nodaļas 3.1.FORMU.\n6.3.2. piedāvājuma cenas atšifrējums saskaņā ar II nodaļas 4.1.FORMU.\n**II daļai**\n6.3.3. finanšu piedāvājuma vēstule saskaņā ar II nodaļas 3.2.FORMU.\n6.3.4. piedāvājuma cenas atšifrējums saskaņā ar II nodaļas 4.2.FORMU.']","Kontekstā ir fragmenti no nolikuma. Noskaidro, vai lietotāja apgalvojums ir patiess, balstoties uz informāciju kontekstā. Spriešanai izmanto izvilkumus no likumiem, ja tādi ir doti. Vienmēr atgriez rezultātu JSON formtā, ietverot atslēgas: 1) 'answer' ar iespējamām vērtībām  'jā', 'nē', vai 'kontekstā nav informācijas'; 2) 'rate' - pārliecību par atbildi skalā  'zema', 'vidēja', 'augsta'; 3) 'explanation' - fragments no konteksta, kas pamato 'jā' vai 'nē' atbildi, vai paskaidrjums, kāda informācija ir nepieciešama, lai atbildētu."
KNP202134,38.8-0,jā,nē,"```json
{
  ""answer"": ""jā"",
  ""rate"": ""augsta"",
  ""explanation"": ""Kontekstā ir norādīts, ka pasūtītājs pārbauda piedāvājumu atbilstību Publisko iepirkumu likuma (PIL) prasībām, un piedāvājums var tikt noraidīts, ja tas neatbilst iepirkuma procedūras dokumentos norādītajām prasībām. Saskaņā ar PIL 41. panta vienpadsmitās daļas 1. punktu, piedāvājums tiek noraidīts, ja līgumcena pārsniedz iepirkuma procedūras dokumentos norādīto līgumcenu, ja tā noteikta kā piedāvājuma atbilstības prasība. Šāda prasība ir ietverta kontekstā, kur norādīts, ka piedāvājumiem jāatbilst nolikuma prasībām, un piedāvājumi, kas neatbilst, tiks noraidīti.""
}
```","['1. NOSACĪJUMI PRETENDENTA DALĪBAI ATKLĀTĀ KONKURSĀ\n2.1. Pretendentu kvalifikācijas prasības ir obligātas visiem pretendentiem, kas vēlas iegūt tiesības veikt Iepirkuma priekšmeta izpildi un noslēgt iepirkuma līgumu.\n2.2. Komisija pārbauda vai pretendentam, kuram būtu piešķiramas līguma slēgšanas tiesības, nav konstatējami PIL 42.panta pirmās daļas izslēgšanas nosacījumi. Pretendents tiek izslēgts no dalības iepirkuma procedūrā, ja uz to attiecas PIL 42. panta pirmās daļas noteiktie izslēgšanas noteikumi. Pretendentu izslēgšanas gadījumi tiks pārbaudīti Publisko iepirkumu likuma 42.pantā noteiktajā kārtībā. Izslēgšanas gadījumi ir attiecināmi arī uz personālsabiedrības biedru, ja pretendents ir personālsabiedrība.\nIzslēgšanas gadījumi ir attiecināmi arī uz pretendenta norādīto apakšuzņēmēju, kura veicamo darbu vai sniedzamo pakalpojumu vērtība ir vismaz 10 procenti no kopējās līguma vērtības, kā arī uz pretendenta norādīto personu, uz kuras iespējām pretendents balstās, lai apliecinātu, ka tā kvalifikācija atbilst paziņojumā par līgumu vai iepirkuma procedūras dokumentos noteiktajām prasībām. Izslēgšanas gadījumi tiks pārbaudīti PIL 42.pantā noteiktajā kārtībā.\n2.3. Ja pretendents vai personālsabiedrības biedrs, ja pretendents ir personālsabiedrība, atbilst Publisko iepirkumu likuma 42. panta pirmās daļas 1., 3., 4., 5., 6. vai 7. punktā minētajam izslēgšanas gadījumam, pretendents norāda to pieteikumā un, ja tiek atzīts par tādu, kuram būtu piešķiramas līguma slēgšanas tiesības, iesniedz skaidrojumu un pierādījumus par nodarītā kaitējuma atlīdzināšanu vai noslēgtu vienošanos par nodarītā kaitējuma atlīdzināšanu, sadarbošanos ar izmeklēšanas iestādēm un veiktajiem tehniskajiem, organizatoriskajiem vai personālvadības pasākumiem, lai pierādītu savu uzticamību un novērstu tādu pašu un līdzīgu gadījumu atkārtošanos nākotnē. Uzticamības nodrošināšanai iesniegto pierādījumu vērtēšanu Komisija veic saskaņā ar PIL 43.pantu.\n2.4. Saskaņā ar Starptautisko un Latvijas Republikas nacionālo sankciju likuma 11.1pantu, Komisija pārbaudīs, vai attiecībā uz pretendentu, tā valdes vai padomes locekli, patieso labuma guvēju, pārstāvēttiesīgo personu vai prokūristu, vai personu, kura ir pilnvarota pārstāvēt pretendentu darbībās, kas saistītas ar filiāli, vai personālsabiedrības biedru, tā valdes vai padomes locekli, patieso labuma guvēju, pārstāvēttiesīgo personu vai prokūristu, ja pretendents ir personālsabiedrība, ir noteiktas starptautiskās vai nacionālās sankcijas vai būtiskas finanšu un kapitāla tirgus intereses ietekmējošas Eiropas Savienības vai Ziemeļatlantijas līguma organizācijas dalībvalsts noteiktās sankcijas, kuras ietekmē līguma izpildi. Ja attiecībā uz minēto pretendentu ir noteiktas starptautiskās vai nacionālās sankcijas vai būtiskas finanšu un kapitāla tirgus intereses ietekmējošas Eiropas Savienības vai Ziemeļatlantijas līguma organizācijas dalībvalsts noteiktās sankcijas, kuras kavē līguma izpildi, tas ir izslēdzams no dalības līguma slēgšanas tiesību piešķiršanas procedūrā.', '1. 14. Cita informācija\n1.14.1. Pretendenta iesniegtais piedāvājums nozīmē pilnīgu šī Konkursa Nolikuma noteikumu pieņemšanu un atbildību par to izpildi.\n1.14.2. Pēc piedāvājumu iesniegšanas termiņa beigām pretendents nevar savu piedāvājumu grozīt.\n1.14.3. Pretendentam ir pilnībā jāsedz piedāvājuma sagatavošanas un iesniegšanas izmaksas. Pasūtītājs neuzņemas nekādas saistības par šīm izmaksām neatkarīgi no Konkursa rezultāta.\n1.14.4. Visi Nolikuma pielikumi ir tā neatņemamas sastāvdaļas.', '1. PRETENDENTA TIESĪBAS UN PIENĀKUMI\n12. 1. Pretendenta tiesības:\n* + 1. pirms piedāvājumu iesniegšanas termiņa beigām grozīt vai atsaukt iesniegto piedāvājumu;\n2. iesniegt iesniegumu par iepirkuma procedūras pārkāpumiem PIL 68.pantā noteiktajā kārtībā;\n3. citas pretendenta tiesības saskaņā ar Publisko iepirkumu likumu, šo Nolikumu un Latvijas Republikā spēkā esošajiem normatīvajiem aktiem.\n1. **Pretendenta pienākumi:**\n     1. iesniegt piedāvājumus atbilstoši Nolikuma prasībām;\n2. sniegt patiesu informāciju;\n3. sniegt atbildes uz Komisijas pieprasījumiem par papildus informāciju, kas nepieciešama pretendentu atlasei, piedāvājumu atbilstības pārbaudei un izvēlei;\n4. segt visas un jebkuras izmaksas, kas saistītas ar piedāvājumu sagatavošanu un iesniegšanu neatkarīgi no atklāta konkursa rezultāta;\n5. citi pretendenta pienākumi saskaņā ar Publisko iepirkumu likumu, šo Nolikumu un Latvijas Republikā spēkā esošajiem normatīvajiem aktiem.', '5. Ja piedāvājumu iesniedz piegādātāju apvienība vai personālsabiedrība, piedāvājumā papildus norāda personu, kura Konkursā pārstāv attiecīgo piegādātāju apvienību vai personālsabiedrību, kā arī katras personas atbildības sadalījumu. Ja līguma slēgšanas tiesības iegūst pretendents, kurš ir piegādātāju apvienība, tad tam ir pienākums pirms līguma noslēgšanas, 5 (piecu) dienu laikā pēc PIL 60.panta sestajā daļā minētā nogaidīšanas termiņa beigām iesniegt pasūtītājam nepieciešamo informāciju līguma slēgšanai, ievērojot šī nolikuma 10.4.punktā minētos nosacījumus.\n1. **Piedāvājuma nodrošinājums**\n1.13.1. Pretendentam ir jāpievieno piedāvājumam neatsaucams piedāvājuma nodrošinājums **EUR 5 000,00 (*pieci tūkstoši euro*) apmērā.**\n1.13.1.1. piedāvājuma nodrošinājumam noteiktais spēkā esamības termiņš ir 3 (trīs) mēneši, skaitot no piedāvājumu saņemšanai noteiktā pēdējā datuma;\n1.13.1.2. piedāvājuma nodrošinājums ir spēkā īsākajā no termiņiem, kas norādīts Publisko iepirkumu likuma 50.panta piektajā daļā noteiktajos gadījumos;\n1.13.1.3. ja objektīvu iemeslu dēļ iepirkuma līgumu nevar noslēgt 1.13.1.1.punktā minētajā termiņā, Komisija var rakstiski pieprasīt piedāvājuma spēkā esamības termiņa pagarināšanu, kas kopumā nevar pārsniegt sešus mēnešus;\n1.13.1.4. ja pretendents piekrīt pagarināt piedāvājuma spēkā esamības termiņu, nemainot sava piedāvājuma saturu un cenu, tas par to rakstiski paziņo Komisijai, kā arī līdz sākotnēji norādītā piedāvājuma spēkā esamības termiņa beigām iesniedz Komisijai piedāvājuma nodrošinājuma devēja rakstisku apliecinājumu par piedāvājuma nodrošinājuma termiņa pagarināšanu vai jaunu piedāvājuma nodrošinājumu.\n1.13.2. Piedāvājuma nodrošinājums drīkst būt:\n1.13.2.1. bankas garantija;\n1.13.2.2. apdrošināšanas polise;\n1.13.2.3. kā naudas summas iemaksa pasūtītāja norādītajā kontā.\n1.13.3. Bankas garantijai jāatbilst šādiem noteikumiem:\n1.13.3.1. garantijas devējam jāapņemas samaksāt pasūtītājam garantijas summu PIL 50.panta sestajā daļā noteiktajos gadījumos;\n1.13.3.2. garantijai jābūt spēkā iepirkuma nolikumā noteiktajā termiņā;\n1.13.3.3. garantijai jābūt no pretendenta puses neatsaucamai;\n1.13.3.4. pasūtītājam nav jāpieprasa garantijas summa no pretendenta pirms prasības iesniegšanas garantijas devējam;\n1.13.3.5. garantijai piemērojami Starptautiskās tirdzniecības kameras noteikumi „The ICC Uniform Rules for Demand Guarantees”, ICC Publication No.758, bet attiecībā uz jautājumiem, kurus neregulē minētie Starptautiskās tirdzniecības kameras noteikumi, šai garantijai piemērojami Latvijas Republikas normatīvie akti. Prasības un strīdi, kas saistīti ar šo garantiju, izskatāmi Latvijas Republikas tiesā saskaņā ar Latvijas Republikas normatīvajiem tiesību aktiem;\n1.13.3.6. pretendentam, kura piedāvājums tiks izraudzīts saskaņā ar piedāvājuma izvēles kritērijiem, piedāvājuma nodrošinājumam būs jābūt spēkā līdz dienai, kad tiks iesniegts līguma saistību izpildes nodrošinājums.\n1.13.4. Apdrošināšanas polisei jāatbilst šādiem noteikumiem:\n1.13.4.1. apdrošinātājam jāapņemas samaksāt pasūtītājam piedāvājuma nodrošinājuma summu PIL 50.panta sestajā daļā noteiktajos gadījumos;', '1. Lēmuma pieņemšana par līguma slēgšanas tiesību piešķiršanu\n   1. Komisija par pretendentu, kuram būtu piešķiramas līguma slēgšanas tiesības atzīs pretendentu, kurš atbilst visām Nolikuma prasībām, un kurš ir iesniedzis saimnieciski visizdevīgāko piedāvājumu.\n2. Pirms lēmuma pieņemšanas par līguma slēgšanas tiesību piešķiršanu, Komisija pārbaudīs, vai uz pretendentu, kuram būtu piešķiramas līguma slēgšanas tiesības, neattiecas Publisko iepirkumu likuma 42.panta pirmajā daļā minētie izslēgšanas nosacījumi, kā arī Starptautisko un Latvijas Republikas nacionālo sankciju likumā noteiktie ierobežojumi. Pretendenta izslēgšanas gadījumi tiks pārbaudīti Publisko iepirkumu likuma 42. pantā noteiktajā kārtībā.\n3. Veicot izslēgšanas gadījumu pārbaudi attiecībā uz apakšuzņēmēju, kura sniedzamo pakalpojumu vērtība ir vismaz 10 procenti no kopējās līguma vērtības, kā uz pretendenta norādīto personu, uz kuras iespējām pretendents balstās, lai apliecinātu, ka tā kvalifikācija atbilst paziņojumā par līgumu vai iepirkuma procedūras dokumentos noteiktajām prasībām, tiks ņemti vērā PIL 42.panta septītās daļas nosacījumi.']","Kontekstā ir fragmenti no nolikuma. Atbildi uz lietotāja jautājumu, balstoties uz informāciju kontekstā. Seko lietotāja instrukcijām. Spriešanai izmanto izvilkumus no likumiem, ja tādi ir doti. Vienmēr atgriez rezultātu JSON formtā, ietverot atslēgas: 1) 'answer' ar iespējamām vērtībām  'jā', 'nē', vai 'kontekstā nav informācijas'; 2) 'rate' - pārliecību par atbildi skalā  'zema', 'vidēja', 'augsta'; 3) 'explanation' - fragments no konteksta, kas pamato 'jā' vai 'nē' atbildi, vai paskaidrjums, kāda informācija ir nepieciešama, lai atbildētu."
KNP202134,38.8,jā,n/a,"```json
{
  ""answer"": ""jā"",
  ""rate"": ""augsta"",
  ""explanation"": ""Saskaņā ar <law> izvilkumu no Publisko iepirkumu likuma (PIL), pasūtītājs noraida pretendenta piedāvājumu, ja pretendenta piedāvātā līgumcena pārsniedz iepirkuma procedūras dokumentos pasūtītāja norādīto līgumcenu, ja tā noteikta kā piedāvājuma atbilstības prasība. Kontekstā ir norādīts, ka piedāvājuma noraidīšanas iespējas ir saistītas ar līgumcenas pārsniegšanu, kas atbilst šim likuma nosacījumam.""
}
```","['1. NOSACĪJUMI PRETENDENTA DALĪBAI ATKLĀTĀ KONKURSĀ\n2.1. Pretendentu kvalifikācijas prasības ir obligātas visiem pretendentiem, kas vēlas iegūt tiesības veikt Iepirkuma priekšmeta izpildi un noslēgt iepirkuma līgumu.\n2.2. Komisija pārbauda vai pretendentam, kuram būtu piešķiramas līguma slēgšanas tiesības, nav konstatējami PIL 42.panta pirmās daļas izslēgšanas nosacījumi. Pretendents tiek izslēgts no dalības iepirkuma procedūrā, ja uz to attiecas PIL 42. panta pirmās daļas noteiktie izslēgšanas noteikumi. Pretendentu izslēgšanas gadījumi tiks pārbaudīti Publisko iepirkumu likuma 42.pantā noteiktajā kārtībā. Izslēgšanas gadījumi ir attiecināmi arī uz personālsabiedrības biedru, ja pretendents ir personālsabiedrība.\nIzslēgšanas gadījumi ir attiecināmi arī uz pretendenta norādīto apakšuzņēmēju, kura veicamo darbu vai sniedzamo pakalpojumu vērtība ir vismaz 10 procenti no kopējās līguma vērtības, kā arī uz pretendenta norādīto personu, uz kuras iespējām pretendents balstās, lai apliecinātu, ka tā kvalifikācija atbilst paziņojumā par līgumu vai iepirkuma procedūras dokumentos noteiktajām prasībām. Izslēgšanas gadījumi tiks pārbaudīti PIL 42.pantā noteiktajā kārtībā.\n2.3. Ja pretendents vai personālsabiedrības biedrs, ja pretendents ir personālsabiedrība, atbilst Publisko iepirkumu likuma 42. panta pirmās daļas 1., 3., 4., 5., 6. vai 7. punktā minētajam izslēgšanas gadījumam, pretendents norāda to pieteikumā un, ja tiek atzīts par tādu, kuram būtu piešķiramas līguma slēgšanas tiesības, iesniedz skaidrojumu un pierādījumus par nodarītā kaitējuma atlīdzināšanu vai noslēgtu vienošanos par nodarītā kaitējuma atlīdzināšanu, sadarbošanos ar izmeklēšanas iestādēm un veiktajiem tehniskajiem, organizatoriskajiem vai personālvadības pasākumiem, lai pierādītu savu uzticamību un novērstu tādu pašu un līdzīgu gadījumu atkārtošanos nākotnē. Uzticamības nodrošināšanai iesniegto pierādījumu vērtēšanu Komisija veic saskaņā ar PIL 43.pantu.\n2.4. Saskaņā ar Starptautisko un Latvijas Republikas nacionālo sankciju likuma 11.1pantu, Komisija pārbaudīs, vai attiecībā uz pretendentu, tā valdes vai padomes locekli, patieso labuma guvēju, pārstāvēttiesīgo personu vai prokūristu, vai personu, kura ir pilnvarota pārstāvēt pretendentu darbībās, kas saistītas ar filiāli, vai personālsabiedrības biedru, tā valdes vai padomes locekli, patieso labuma guvēju, pārstāvēttiesīgo personu vai prokūristu, ja pretendents ir personālsabiedrība, ir noteiktas starptautiskās vai nacionālās sankcijas vai būtiskas finanšu un kapitāla tirgus intereses ietekmējošas Eiropas Savienības vai Ziemeļatlantijas līguma organizācijas dalībvalsts noteiktās sankcijas, kuras ietekmē līguma izpildi. Ja attiecībā uz minēto pretendentu ir noteiktas starptautiskās vai nacionālās sankcijas vai būtiskas finanšu un kapitāla tirgus intereses ietekmējošas Eiropas Savienības vai Ziemeļatlantijas līguma organizācijas dalībvalsts noteiktās sankcijas, kuras kavē līguma izpildi, tas ir izslēdzams no dalības līguma slēgšanas tiesību piešķiršanas procedūrā.', '2. IEPIRKUMA LĪGUMS\n   1. Lēmumu par Konkursa rezultātiem Komisija pretendentiem paziņos rakstiski 3 (trīs) darba dienu laikā no dienas, kad ir pieņemts lēmums par Konkursa rezultātiem.\n2. Ar Konkursa rezultātā Līguma slēgšanas tiesības ieguvušo pretendentu tiks noslēgts Līgums saskaņā ar Konkursā iesniegto pretendenta piedāvājumu un iepirkuma dokumentiem pievienoto Līguma projektu, kas ir Nolikuma neatņemama sastāvdaļa.\n3. Iepirkuma līgums tiks slēgts pēc nogaidīšanas termiņa beigām. Izraudzītajam pretendentam līgums jāparaksta ne vēlāk kā trīs darba dienu laikā pēc attiecīga uzaicinājuma saņemšanas.\n4. Ja iepirkuma līgums būs slēdzams ar piegādātāju apvienību, kura ir paredzējusi būt galvenais būvdarbu veicējs (ģenerāluzņēmējs), tad pirms iepirkuma līguma noslēgšanas piegādātāju apvienībai jāreģistrējas pēc savas izvēles nodibinātā juridiskā statusā un pasūtītājam jāiesniedz reģistrācijas apliecības kopija vai jānorāda reģistrācijas numurs. Gadījumā, ja tikai kāds no piegādātāju apvienības biedriem ir ģenerāluzņēmējs, tad piegādātāju apvienības biedru starpā var noslēgt sabiedrības līgumu saskaņā ar normatīvajiem aktiem un viens tā eksemplārs jāiesniedz pasūtītājam.\n5. Gadījumā, ja iepirkuma līguma slēgšanas tiesības ir piešķirtas pretendentam, kurš ir piesaistījis ārvalstu speciālistu, kura mītnes valsts ir Eiropas Savienības dalībvalsts vai Eiropas Brīvās tirdzniecības asociācijas dalībvalsts, tad pretendentam līdz plānotajam līguma noslēgšanas datumam, bet ne vēlāk kā 10 (desmit) dienu laikā no paziņojumā norādītā nogaidīšanas termiņa beigām Komisijai ir jāiesniedz dokuments, kas pierāda, ka tas par ārvalstu speciālistu ir iesniedzis deklarāciju par īslaicīgu profesionālo pakalpojumu sniegšanu Latvijas Republikā reglamentētā profesijā.\n6. Gadījumā, ja pretendents neiesniedz Nolikuma 10.5.punktā noteiktos dokumentus, Komisija izslēdz pretendentu no turpmākas dalības iepirkuma procedūrā.\n7. Gadījumā, ja iepirkuma līguma slēgšanas tiesības ir piešķirtas pretendentam, kurš ir piesaistījis ārvalstu speciālistu(us), kuru mītnes valsts nav Eiropas Savienības dalībvalsts vai Eiropas Brīvās tirdzniecības asociācijas dalībvalsts, tad pretendentam līdz plānotajam līguma noslēgšanas datumam, bet ne vēlāk kā 10 (desmit) dienu laikā no paziņojumā norādītā nogaidīšanas termiņa beigām Komisijai ir jāiesniedz par ārvalstu speciālistu Latvijas Republikā spēkā esoša būvprakses sertifikāta apliecinātu kopiju/as.\n8. Gadījumā, ja pretendents neiesniedz 10.7.punktā noteikto dokumentu, Komisija izslēdz pretendentu no turpmākās dalības iepirkuma procedūrā.\n9. Piedāvājumā norādītā personāla un apakšuzņēmēju nomaiņa pieļaujama tikai iepirkuma līgumā norādītajā kārtībā, kā arī saskaņā ar PIL nosacījumiem.\n10. Ja pretendents, kuram piešķirtas iepirkuma līguma slēgšanas tiesības, atteiksies slēgt iepirkuma līgumu ar pasūtītāju, Komisijai ir tiesības pieņemt lēmumu par iepirkuma līguma slēgšanas tiesības piešķiršanu nākamajam pretendentam, kurš ir piedāvājis saimnieciski visizdevīgāko piedāvājumu un atbilst visām nolikuma prasībām, vai pārtraukt iepirkuma procedūru, neizvēloties nevienu piedāvājumu.', '1. PIEDĀVĀJUMU VĒRTĒŠANA UN PIEDĀVĀJUMA IZVĒLE\n   1. **Piedāvājuma vērtēšanas pamatnoteikumi**\nKomisija piedāvājumu vērtēšanu veic slēgtās sēdēs, kuru gaitā notiek piedāvājumu noformējuma pārbaude, pretendentu atlase, tehnisko piedāvājumu atbilstības pārbaude, finanšu piedāvājumu atbilstības pārbaude un piedāvājumu izvēle.\nKomisija ir tiesīga pretendentu kvalifikācijas atbilstības pārbaudi veikt tikai tam pretendentam, kuram būtu piešķiramas iepirkuma līguma slēgšanas tiesības.\nKomisija ir tiesīga\n* 1. **Piedāvājuma noformējuma pārbaude**\n     1. Komisija pārbauda vai pretendenta iesniegtais piedāvājums atbilst Nolikuma 1.12.punktā noteiktajām prasībām.\n2. Ja piedāvājums neatbilst kādai no piedāvājumu noformējuma prasībām, Komisija lemj par šī piedāvājuma tālāku izskatīšanu.\n2. **Pretendentu kvalifikācijas pārbaude**\n     1. Pretendentu kvalifikācijas pārbaudē Komisija pārbauda pretendenta atbilstību Nolikuma 3.punktā noteiktajām prasībām saskaņā ar pretendenta iesniegtajiem dokumentiem.\n2. Pretendents tiek izslēgts no turpmākās dalības Konkursā un piedāvājums netiek tālāk izvērtēts, ja Komisija konstatē, ka pretendents iesniedzis nepatiesu informāciju savas kvalifikācijas novērtēšanai vai vispār nav iesniedzis pieprasīto informāciju vai kvalifikācijas dokumenti nav iesniegti atbilstoši Nolikuma prasībām, vai to saturs neatbilst Nolikuma prasībām. Komisija kvalifikācijas pārbaudi veiks tikai tam pretendentam, kuram būtu piešķiramas līguma slēgšanas tiesības.\n3. **Tehniskā piedāvājuma pārbaude**\n     1. Komisija slēgtā sēdē veiks pretendentu tehnisko piedāvājumu atbilstības pārbaudi Nolikumā un tehniskajā specifikācijā noteiktajām prasībām.\n2. Tehniskā piedāvājuma vērtēšanas laikā tiek izvērtēta piedāvāto būvizstrādājumu un materiālu tehnisko rādītāju atbilstība izvirzītajām prasībām.\nJa pretendents savā piedāvājumā ir iekļāvis tā vērtējumā ekvivalentus vai analogus būvizstrādājumus un /vai materiālus, Komisija veiks to tehnisko rādītāju atbilstības pārbaudi.\nJa pretendents norādot būvizstrādājumus un/vai materiālus lietojis atsauces “vai ekvivalents” un/vai “vai analogs”, tad Komisija uzskatīs, ka pretendents ir piedāvājis tehniskajā specifikācijā noteiktos būvizstrādājumus un materiālus, nevis ekvivalentus/analogus.\n* + 1. Pretendenta piedāvājums tiek izslēgts no dalības Konkursā un netiek tālāk izvērtēts, ja Komisija konstatē, ka tehniskais piedāvājums neatbilst Nolikuma vai tehniskajā specifikācijā noteiktajām prasībām.\n2. Ja tehniskais piedāvājums atbilst Nolikuma un tehniskās specifikācijas prasībām, pretendenta piedāvājums tiek virzīts finanšu piedāvājuma vērtēšanai.\n1. **Finanšu piedāvājuma pārbaude**\n     1. Saskaņā ar PIL 41.panta devīto daļu Komisija veic pretendentu finanšu piedāvājumu pārbaudi, lai konstatētu, vai piedāvājumos nav aritmētisku kļūdu. Ja Komisija konstatē aritmētiskas kļūdas, Komisija šīs kļūdas labo. Par konstatētajām kļūdām un laboto piedāvājumu, Komisija informē pretendentu, kura piedāvājumā kļūdas tika konstatētas un labotas. Vērtējot piedāvājumu, Komisija ņem vērā veiktos labojumus.\n2. Komisija izvērtē, vai piedāvājums nav nepamatoti lēts. Ja Komisija konstatē nepamatoti lēta piedāvājuma pazīmes, tā pieprasa detalizētu skaidrojumu par piedāvāto cenu vai izmaksām.', '3. Komisija, konsultējoties ar pretendentu, izvērtē tā sniegtos skaidrojumus. Komisijai ir tiesības prasīt, lai pretendents iesniedz izdrukas no Valsts ieņēmumu dienesta elektroniskās deklarēšanas sistēmas par pretendenta un tā piedāvājumā norādīto apakšuzņēmēju darbinieku vidējām stundas tarifa likmēm profesiju grupās, ja šādus datus apkopo Valsts ieņēmumu dienests. Ārvalstu uzņēmumiem nepieciešamības gadījumā būs jāiesniedz līdzvērtīgas iestādes citā valstī izsniegtas dokumentu kopijas (izdrukas no datu bāzes), ja attiecīgā valsts paredz izsniegt šādu dokumentu, kas ļautu pārliecināties par ārvalstu pretendenta un tā piedāvājumā norādīto apakšuzņēmēju darbinieku vidējām stundas tarifa likmēm profesiju grupās.\n4. Komisija noraida piedāvājumu kā nepamatoti lētu, ja sniegtie skaidrojumi nepamato pretendenta piedāvātās cenas vai izmaksu līmeni vai ja cenā vai izmaksās nav iekļautas izmaksas, kas saistītas ar vides, sociālo un darba tiesību un darba aizsardzības jomas normatīvajos aktos un darba koplīgumos noteikto pienākumu ievērošanu.\n5. Ja Komisija konstatē, ka piedāvājums ir nepamatoti lēts tāpēc, ka pretendents saņēmis komercdarbības atbalstu, piedāvājumu pēc konsultācijām ar pretendentu var noraidīt, tikai pamatojoties uz to, ka pretendents nevar Komisijas noteiktā saprātīgā termiņā pierādīt, ka saņemtais komercdarbības atbalsts ir saderīgs ar iekšējo tirgu atbilstoši Līguma par Eiropas Savienības darbību 107. pantam. Ja Komisija noraida piedāvājumu šā iemesla dēļ, tā informē Eiropas Komisiju un Iepirkumu uzraudzības biroju par piedāvājuma noraidīšanu un noraidīšanas iemeslu.\n6. Pretendenta piedāvājums tiek izslēgts no dalības Konkursā un netiek tālāk izvērtēts, ja Komisija konstatē, ka piedāvātā līgumcena pārsniedz 150 procentus no iepirkuma procedūras dokumentos (paziņojumā par līgumu) norādītās paredzamās līgumcenas.\n7. Pēc finanšu piedāvājuma atbilstības pārbaudes Nolikuma prasībām, Komisija veic saimnieciski izdevīgākā piedāvājuma vērtēšanu.\n2. **Piedāvājuma izvēles kritērijs**\nNo piedāvājumiem, kas atbilst Nolikumā noteiktajām prasībām, Komisija izvēlas saimnieciski visizdevīgāko piedāvājumu. **Saimnieciski visizdevīgākā piedāvājuma noteikšanas kritērijs ir zemākā cena.**\nJa Komisija, pirms lēmuma pieņemšanas par iepirkuma līguma slēgšanas tiesību piešķiršanu, konstatēs, ka vismaz divu pretendentu piedāvātā līgumcena ir vienāda, tad Komisija no šiem piedāvājumiem izvēlēsies tā pretendenta piedāvājumu, kura veiktās vidējās darba devēja sociālās iemaksas apmērs uz vienu nodarbināto pēdējo 12 (divpadsmit) mēnešu laikā (neskaitot nepilno mēnesi, kurā noteikta piedāvājumu iesniegšanas pēdējā diena) ir vislielākais. Komisija pieprasīs pretendentiem, uz kuriem attiecas minētais nosacījums, iesniegt Komisijai LR vai ārvalsts attiecīgās kompetentās institūcijas izziņu, kurā norādītas pretendenta veiktās darba devēja sociālās iemaksas vidējais apmērs uz vienu nodarbināto augstāk minētajā laika periodā.', '1. Lēmuma pieņemšana par līguma slēgšanas tiesību piešķiršanu\n   1. Komisija par pretendentu, kuram būtu piešķiramas līguma slēgšanas tiesības atzīs pretendentu, kurš atbilst visām Nolikuma prasībām, un kurš ir iesniedzis saimnieciski visizdevīgāko piedāvājumu.\n2. Pirms lēmuma pieņemšanas par līguma slēgšanas tiesību piešķiršanu, Komisija pārbaudīs, vai uz pretendentu, kuram būtu piešķiramas līguma slēgšanas tiesības, neattiecas Publisko iepirkumu likuma 42.panta pirmajā daļā minētie izslēgšanas nosacījumi, kā arī Starptautisko un Latvijas Republikas nacionālo sankciju likumā noteiktie ierobežojumi. Pretendenta izslēgšanas gadījumi tiks pārbaudīti Publisko iepirkumu likuma 42. pantā noteiktajā kārtībā.\n3. Veicot izslēgšanas gadījumu pārbaudi attiecībā uz apakšuzņēmēju, kura sniedzamo pakalpojumu vērtība ir vismaz 10 procenti no kopējās līguma vērtības, kā uz pretendenta norādīto personu, uz kuras iespējām pretendents balstās, lai apliecinātu, ka tā kvalifikācija atbilst paziņojumā par līgumu vai iepirkuma procedūras dokumentos noteiktajām prasībām, tiks ņemti vērā PIL 42.panta septītās daļas nosacījumi.']","Kontekstā ir fragmenti no nolikuma. Noskaidro, vai lietotāja apgalvojums ir patiess, balstoties uz informāciju kontekstā. Spriešanai izmanto izvilkumus no likumiem, ja tādi ir doti. Vienmēr atgriez rezultātu JSON formtā, ietverot atslēgas: 1) 'answer' ar iespējamām vērtībām  'jā', 'nē', vai 'kontekstā nav informācijas'; 2) 'rate' - pārliecību par atbildi skalā  'zema', 'vidēja', 'augsta'; 3) 'explanation' - fragments no konteksta, kas pamato 'jā' vai 'nē' atbildi, vai paskaidrjums, kāda informācija ir nepieciešama, lai atbildētu."
LNP_202050ERAF,38.8-0,jā,nē,"```json
{
  ""answer"": ""jā"",
  ""rate"": ""augsta"",
  ""explanation"": ""Kontekstā ir norādīts, ka pasūtītājs noraida pretendenta piedāvājumu, ja pretendenta piedāvātā līgumcena pārsniedz iepirkuma procedūras dokumentos pasūtītāja norādīto līgumcenu, ja tā noteikta kā piedāvājuma atbilstības prasība. Šis nosacījums atbilst PIL 41. panta vienpadsmitās daļas 1. punkta regulējumam.""
}
```","['20. Pasūtītājs ar Pretendentu, kam tiks piešķirtas līguma slēgšanas tiesības, slēgs līgumu par būvdarbiem (līguma projekts nolikuma 11. pielikums).\n21. Ja Pretendentam ir iebildumi par konkursa nolikumam pievienotā iepirkuma līguma projekta nosacījumiem, tie jāizsaka līdz piedāvājumu iesniegšanas termiņa beigām. Pēc piedāvājumu atvēršanas iebildumi par līguma projekta nosacījumiem netiek ņemti vērā.\n22. Iepirkuma līgumu slēdz ne agrāk kā nākamajā darba dienā pēc nogaidīšanas termiņa beigām saskaņā ar Publisko iepirkumu likumu. Ja pretendents, kuram piešķirtas iepirkuma līguma slēgšanas tiesības, atsakās slēgt iepirkuma līgumu ar Pasūtītāju, iepirkuma komisija ir tiesīga pieņem lēmumu iepirkuma līguma slēgšanas tiesības piešķirt nākamajam pretendentam, kurš piedāvājis saimnieciski visizdevīgāko piedāvājumu, vai pārtraukt iepirkuma procedūru, neizvēloties nevienu piedāvājumu. Ja pieņemt lēmums iepirkuma līguma slēgšanas tiesības piešķirt nākamajam Pretendentam, kurš piedāvājis saimnieciski visizdevīgāko piedāvājumu, bet tas atsakās slēgt iepirkuma līgumu, iepirkuma komisija pieņem lēmumu pārtraukt iepirkuma procedūru, neizvēloties nevienu piedāvājumu.\n**VII. Nolikuma pielikumi**\n1. pielikums Pieteikums dalībai atklātā konkursā\n2. pielikums Informācija par pretendentu\n3. pielikums Pretendenta un apakšuzņēmēju pieredze līdzīgu būvdarbu veikšanā\n4. pielikums Būvdarbu vadītāju kvalifikācija un pieredze\n5. pielikums Speciālista apliecinājums\n6. pielikums Apakšuzņēmēji un to apakšuzņēmēju saraksts\n7. pielikums Apakšuzņēmēja apliecinājums\n8. pielikums Tehniskais piedāvājums\n9. pielikums Tehniskā specifikācija\n10. pielikums Finanšu piedāvājums\n11. pielikums Līguma projekts\n12.pielikums Būvprojekti\n13. pielikums (darbu apjomi-tāmes)\n1. pielikums atklāta konkursa “Ludzas pilsdrupu atsegto mūru konservācijas un pilskalna teritorijas labiekārtošanas būvdarbu 1. kārta,\nID Nr. LNP 2020/50/ERAF\n**PIETEIKUMS DALĪBAI ATKLĀTĀ KONKURSĀ**\n„ *Ludzas pilsdrupu atsegto mūru konservācijas un pilskalna teritorijas labiekārtošanas būvdarbu 1. kārta*”\nIdentifikācijas Nr. LNP 2020/50/ERAF\n\\_\\_\\_\\_\\_\\_\\_\\_\\_. gada \\_\\_\\_\\_. \\_\\_\\_\\_\\_\\_\\_\\_\\_\\_\\_\\_\\_\\_\n1. Mēs, apakšā parakstījušies, esam iepazinušies ar atklāta konkursa Nolikumu un piekrītam visiem Nolikuma noteikumiem. Saskaņā ar atklāta konkursa Nolikuma prasībām piedāvājam veikt darbus **par summu:**\n*piedāvājuma cena bez PVN (EUR) skaitļos un vārdiem*\n2. Mēs apliecinām, ka gadījumā, ja mums tiks piešķirtas līguma slēgšanas tiesības, mēs veiksim darbus Nolikumā un Līgumā noteiktajā termiņā.\n3. Ar šo mēs apstiprinām, ka mūsu piedāvājums ir derīgs **200 (divi simti) kalendārās dienas** no piedāvājuma atvēršanas dienas, un var tikt akceptēts jebkurā laikā pirms tā spēkā esamības termiņa izbeigšanās.\n*4.Ar šo apliecinu, ka esmu informējis savus speciālistus par to, ka viņu dati tiks apstrādāti.*\n*5.Ar šo apliecinām, ka visi iepirkuma un iepirkuma nolikuma noteikumi mums ir saprotami un mūsu piedāvājumā sniegtās ziņas ir pareizas un patiesas.*\n|  |  |\n| --- | --- |\n| Pretendenta pārstāvis: |  |\n|  | (amats, paraksts, vārds, uzvārds, zīmogs) |', '15. Pretendentu atlase/Piedāvājumu vērtēšana:\n15.1. Iepirkuma komisija piedāvājumus izvērtē slēgtā sēdē. Iepirkuma komisija pārbauda Pretendentu atbilstību kvalifikācijas prasībām un piedāvājumu atbilstību un izvēlas piedāvājumu saskaņā ar piedāvājuma izvērtēšanas kritēriju atbilstoši nolikuma 18. punktam.\n15.2. Iepirkuma komisija ir tiesīga Pretendentu kvalifikācijas atbilstības pārbaudi veikt tikai tam Pretendentam, kuram būtu piešķiramas iepirkuma līguma slēgšanas tiesības.\n15.3.Komisija pārbauda, vai Pretendents izpildījis Nolikuma 8. punktā noteiktās piedāvājuma noformējuma prasības. Ja Pretendents nav izpildījis nolikuma 8. punktā noteiktās piedāvājuma noformējuma prasības, Iepirkuma komisija izvērtē un lemj par Pretendenta izslēgšanu no turpmākās dalības iepirkumā.\n15.4. Komisija pārbauda, vai Pretendents ir iesniedzis šī nolikuma 12. punkta apakšpunktos minētos dokumentus un to atbilstību nolikuma prasībām. Ja Pretendents nav iesniedzis šī nolikuma 12. punkta apakšpunktos minētos dokumentus, Pretendents tiek izslēgts no turpmākās vērtēšanas konkursā.\n15.5. Komisija izslēdz Pretendentu no turpmākās dalības iepirkuma procedūrā šādos gadījumos:\n15.5.1. Pretendents nav reģistrēts atbilstoši normatīvo aktu prasībām;\n15.5.2. Publisko iepirkumu likuma 42. panta pirmajā daļā noteiktajos gadījumos, pārbaudi veicot atbilstoši 42. pantā un 43. pantā noteiktajai kārtībai. Ja Pretendents vai personālsabiedrības biedrs, ja Pretendents ir personālsabiedrība, atbilst Publisko iepirkumu likuma\xa042.\xa0panta\xa0pirmās daļas 1., 3., 4., 5., 6. vai 7. punktā minētajam izslēgšanas gadījumam, Pretendents norāda to piedāvājumā un, ja tiek atzīts par tādu, kuram būtu piešķiramas līguma slēgšanas tiesības, iesniedz skaidrojumu un pierādījumus par nodarītā kaitējuma atlīdzināšanu vai noslēgtu vienošanos par nodarītā kaitējuma atlīdzināšanu, sadarbošanos ar izmeklēšanas iestādēm un veiktajiem tehniskajiem, organizatoriskajiem vai personālvadības pasākumiem, lai pierādītu savu uzticamību un novērstu tādu pašu un līdzīgu gadījumu atkārtošanos nākotnē. Ja Pretendents neiesniedz skaidrojumu un pierādījumus, Pasūtītājs izslēdz Pretendentu no dalības iepirkuma procedūrā kā atbilstošu Publisko iepirkumu likuma\xa042.\xa0panta\xa0pirmās daļas 1., 3., 4., 5., 6. vai 7. punktā minētajiem izslēgšanas gadījumam.\n15.5.3. ja Pretendents sniedzis nepatiesu informāciju savas kvalifikācijas novērtēšanai vai vispār nav iesniedzis pieprasīto informāciju, tajā skaitā, nav sniedzis iepirkuma komisijas pieprasīto papildus informāciju iepirkuma komisijas noteiktajā termiņā vai kvalifikācijas dokumenti nav iesniegti atbilstoši Nolikuma prasībām vai to saturs neatbilst Nolikuma prasībām.\n15.5.4. citā Publisko iepirkumu likumā noteiktajā gadījumā.\n15.6. Pretendentam, kurš ir reģistrēts vai pastāvīgi dzīvojošs ārvalstīs, kopā ar piedāvājumu jāiesniedz attiecīgās kompetentās institūcijas izziņu, kas apliecina, ka uz pretendentu neattiecas Publisko iepirkumu likuma 42. panta pirmajā daļā minētie izslēgšanas nosacījumi.\n15.7. Piedāvājuma izvērtēšanas laikā tiks veikta pārbaude attiecībā uz Starptautisko un Latvijas Republikas nacionālo sankciju līkuma 11.1 panta pirmajā daļā minētajiem izslēgšanas noteikumiem.', '14. Kārtība, kādā Izpildītāja uzrādītie apakšuzņēmēji iesaistāmi līguma izpildē, apakšuzņēmēju nomainīšanas kārtība\n* 1. Darba veikšanai Izpildītājs drīkst piesaistīt savā iepirkuma piedāvājumā minētos apakšuzņēmējus, iesniedzot Pasūtītājam apakšuzņēmēju un apakšuzņēmēju apakšuzņēmēju, kuriem nododamo darbu apjoms ir vismaz 10% no līgumcenas (bez PVN) sarakstu 5 (piecu) darba dienu laikā no līguma noslēgšanas brīža.\n2. Apakšuzņēmēju maiņa vai jaunu apakšuzņēmēju iesaistīšana jāsaskaņo ar Pasūtītāju un Būvuzraugu, un ievērojot līguma šajā punktā minētos nosacījumus:\n1. Izpildītāja personālu, kuru tas iesaistījis līguma izpildē (un kuru Pasūtītājs ir izvērtējis un akceptējis) un apakšuzņēmējus, uz kuru iespējām iepirkuma procedūrā Izpildītājs balstījies, lai apliecinātu savas kvalifikācijas atbilstību Iepirkuma procedūras dokumentos noteiktajām prasībām, pēc līguma noslēgšanas drīkst nomainīt tikai ar Pasūtītāja rakstveida piekrišanu.\n2. Izpildītājs drīkst veikt apakšuzņēmēju nomaiņu, kā arī apakšuzņēmēju vēlāku iesaistīšanu līguma izpildē, ja Izpildītājs par to paziņojis Pasūtītājam un saņēmis Pasūtītāja rakstveida piekrišanu apakšuzņēmēja nomaiņai vai jauna apakšuzņēmēja iesaistīšanai līguma izpildē. Pasūtītājs piekrīt apakšuzņēmēja nomaiņai vai jauna apakšuzņēmēja iesaistīšanai līguma izpildē, ja uz piedāvāto apakšuzņēmēju neattiecas Publisko iepirkumu likuma 42.panta pirmajā daļā minētie izslēgšanas nosacījumi un apakšuzņēmējs atbilst iepirkuma procedūras dokumentos sākotnēji noteiktām prasībām un sākotnēja tā nomaiņa neietekmētu iepirkuma procedūras vērtēšanas rezultātus.\n3. Pasūtītājs pieņem lēmumu atļaut vai atteikt Izpildītāja personāla vai apakšuzņēmēju nomaiņu vai jaunu apakšuzņēmēju iesaistīšanu līguma izpildē iespējami īsā laikā, bet ne vēlāk kā 5 darba dienu laikā pēc tam, kad saņēmis visus dokumentus, kas nepieciešami lēmuma pieņemšanai.\n4. Pasūtītājs nepiekrīt Izpildītāja personāla, kuru tas iesaistījis līguma izpildē (un kuru Pasūtītājs ir izvērtējis un akceptējis) un apakšuzņēmēju, uz kuru iespējām Izpildītājs balstījies Iepirkuma procedūrā, nomaiņai, ja:\n1. piedāvātais personāls vai apakšuzņēmējs neatbilst Iepirkuma procedūras dokumentos noteiktajām prasībām, kas attiecas uz Izpildītāja personālu vai apakšuzņēmējiem;\n2. apakšuzņēmēja nomaiņas gadījumā piedāvātajam apakšuzņēmējam nav vismaz tāda pati kvalifikācija, uz kādu Izpildītājs atsaucies, apliecinot savu atbilstību Iepirkuma procedūras dokumentos noteiktajām prasībām;\n3. piedāvātais apakšuzņēmējs atbilst Publisko iepirkumu likuma 42.panta pirmās daļas minētajiem izslēgšanas nosacījumiem\n14.5. Izpildītājs ir atbildīgs par apakšuzņēmēju darbu un atlīdzina Pasūtītājam visus apakšuzņēmēju vainas vai neuzmanības dēļ radītos zaudējumus Darba veikšanas ietvaros.', '8.10. Iesniedzot piedāvājumu, Pretendents pilnībā pieņem visus Atklāta konkursa nolikumā ietvertos (t.sk. tā pielikumos un formās, kuras ir ievietotas EIS e-konkursu apakšsistēmas šā iepirkuma sadaļā) noteikumus.\n**II. Informācija par IEPIRKUMA priekšmetu**\n1. **Iepirkuma priekšmeta apraksts**:\n1. Ludzas pilsdrupu atsegto mūru konservācijas un pilskalna teritorijas labiekārtošanas būvdarbu 1.kārta, kas tiek īstenota ERAF finansētās darbības programmas „Izaugsme un nodarbinātība” 5.5.1.specifiskā atbalsta mērķa „Saglabāt, aizsargāt un attīstīt nozīmīgu kultūras un dabas mantojumu, kā arī attīstīt ar to saistītos pakalpojumus” projekta Nr. 5.5.1.0/17/I/007 “Rīteiropas vērtības” ietvaros. Būvdarbi tiek veikti saskaņā ar SIA “DJA” izstrādāto būvprojekta “Ludzas pilsdrupu atsegto mūru konservācija un pilskalna labiekārtojums” 1.1. kārtas un SIA “Beril” izstrādātā būvprojekta “Elektroapgāde. Ārējie tīkli (ELT)” darbu apjomiem un tehnisko specifikāciju. Iepirkuma priekšmets nav sadalīts atsevišķās iepirkuma priekšmeta daļās un pretendentam piedāvājums jāiesniedz par visu iepirkuma priekšmeta apjomu.\n2. Iepirkuma priekšmetam atbilstošais **CPV kods:** **45000000-7** – celtniecības darbi.\n3. Pretendents nevar iesniegt piedāvājuma variantus, līdz ar to, Pretendents, kurš iesniegs vairākus piedāvājumu variantus, tiks izslēgts no dalības konkursā.\n4. Iepirkuma priekšmets nav sadalīts daļās. Pretendentam piedāvājums jāiesniedz par visu iepirkuma priekšmeta apjomu. Iepirkuma priekšmeta sadalīšana daļās varētu radīt risku, ka līguma izpilde kļūtu pārmērīgi sarežģīta no tehniskā viedokļa un nepieciešamība koordinēt dažādus izpildītājus attiecīgajām daļām varētu apdraudēt pienācīgu līguma izpildi. Nesadalot iepirkumu daļās, tiek nodrošināta iepirkuma atklātība un pretendentu konkurence.\n5. Iesniedzot konkursam piedāvājumu, piedāvājuma nodrošinājuma iesniegšana nav paredzēta.\n2. **Līguma izpildes (būvdarbu) vieta:** Baznīcas iela 56, Ludzā, Ludzas novads, LV-5701 (Ludzas pilskalns).\n3. **Līguma izpildes laiks:** Līguma izpildes laiks, tas ir būvdarbu izpildes termiņš, ieskaitot nodošanu ekspluatācijā – 6 (seši) mēneši no līguma spēkā stāšanās dienas **(neieskaitot nepieciešamos tehnoloģiskos pārtraukumus)**.\n**III. PRASĪBAS pretendentam un Iesniedzamie dokumenti**\n|  |  |\n| --- | --- |\n| **12. Nosacījumi dalībai iepirkumā/ Atlases prasības / Iesniedzamie dokumenti** | |\n| 12.1. Nosacījumi / Atlases prasības: | 12.2. Iesniedzamie dokumenti un pretendentu atbilstības vērtēšana: |\n| 12.1.1. Pretendents var būt jebkura fiziskā vai juridiskā persona vai pasūtītājs, šādu personu apvienība jebkurā to kombinācijā, kas attiecīgi piedāvā tirgū preču piegādes vai sniegt pakalpojumus un ir iesniegusi piedāvājumu iepirkumam atbilstoši šī nolikuma prasībām. | 12.2.1. Pretendenta pieteikums dalībai iepirkumā atbilstoši nolikuma 1. un 2.pielikumam. |', '14.6. Pēc iepirkuma līguma slēgšanas tiesību piešķiršanas un ne vēlāk kā uzsākot iepirkuma līguma izpildi, pretendents iesniedz būvdarbos iesaistīto apakšuzņēmēju, ja tādus plānots iesaistīt (ieskaitot apakšuzņēmēju apakšuzņēmējus) sarakstu, kurā norāda apakšuzņēmēja nosaukumu, kontaktinformāciju un to pārstāvēttiesīgo personu, ciktāl minētā informācija ir zināma atbilstoši Publisko iepirkumu likuma 63. panta ceturtajā daļā noteiktajam.\n14.7. Pārbaudot jaunā apakšuzņēmēja atbilstību, pasūtītājs piemēro šā likuma 42. panta noteikumus. Šā likuma 42. panta trešajā daļā minētos termiņus skaita no dienas, kad lūgums par apakšuzņēmēja nomaiņu iesniegts pasūtītājam.']","Kontekstā ir fragmenti no nolikuma. Atbildi uz lietotāja jautājumu, balstoties uz informāciju kontekstā. Seko lietotāja instrukcijām. Spriešanai izmanto izvilkumus no likumiem, ja tādi ir doti. Vienmēr atgriez rezultātu JSON formtā, ietverot atslēgas: 1) 'answer' ar iespējamām vērtībām  'jā', 'nē', vai 'kontekstā nav informācijas'; 2) 'rate' - pārliecību par atbildi skalā  'zema', 'vidēja', 'augsta'; 3) 'explanation' - fragments no konteksta, kas pamato 'jā' vai 'nē' atbildi, vai paskaidrjums, kāda informācija ir nepieciešama, lai atbildētu."
LNP_202050ERAF,38.8,jā,n/a,"```json
{
  ""answer"": ""jā"",
  ""rate"": ""augsta"",
  ""explanation"": ""Saskaņā ar Publisko iepirkumu likuma (PIL) 11. punktu, pasūtītājs noraida pretendenta piedāvājumu, ja pretendenta piedāvātā līgumcena pārsniedz iepirkuma procedūras dokumentos pasūtītāja norādīto līgumcenu, ja tā noteikta kā piedāvājuma atbilstības prasība. Šis nosacījums ir skaidri norādīts likumā un atbilst lietotāja apgalvojumam.""
}
```","['20. Pasūtītājs ar Pretendentu, kam tiks piešķirtas līguma slēgšanas tiesības, slēgs līgumu par būvdarbiem (līguma projekts nolikuma 11. pielikums).\n21. Ja Pretendentam ir iebildumi par konkursa nolikumam pievienotā iepirkuma līguma projekta nosacījumiem, tie jāizsaka līdz piedāvājumu iesniegšanas termiņa beigām. Pēc piedāvājumu atvēršanas iebildumi par līguma projekta nosacījumiem netiek ņemti vērā.\n22. Iepirkuma līgumu slēdz ne agrāk kā nākamajā darba dienā pēc nogaidīšanas termiņa beigām saskaņā ar Publisko iepirkumu likumu. Ja pretendents, kuram piešķirtas iepirkuma līguma slēgšanas tiesības, atsakās slēgt iepirkuma līgumu ar Pasūtītāju, iepirkuma komisija ir tiesīga pieņem lēmumu iepirkuma līguma slēgšanas tiesības piešķirt nākamajam pretendentam, kurš piedāvājis saimnieciski visizdevīgāko piedāvājumu, vai pārtraukt iepirkuma procedūru, neizvēloties nevienu piedāvājumu. Ja pieņemt lēmums iepirkuma līguma slēgšanas tiesības piešķirt nākamajam Pretendentam, kurš piedāvājis saimnieciski visizdevīgāko piedāvājumu, bet tas atsakās slēgt iepirkuma līgumu, iepirkuma komisija pieņem lēmumu pārtraukt iepirkuma procedūru, neizvēloties nevienu piedāvājumu.\n**VII. Nolikuma pielikumi**\n1. pielikums Pieteikums dalībai atklātā konkursā\n2. pielikums Informācija par pretendentu\n3. pielikums Pretendenta un apakšuzņēmēju pieredze līdzīgu būvdarbu veikšanā\n4. pielikums Būvdarbu vadītāju kvalifikācija un pieredze\n5. pielikums Speciālista apliecinājums\n6. pielikums Apakšuzņēmēji un to apakšuzņēmēju saraksts\n7. pielikums Apakšuzņēmēja apliecinājums\n8. pielikums Tehniskais piedāvājums\n9. pielikums Tehniskā specifikācija\n10. pielikums Finanšu piedāvājums\n11. pielikums Līguma projekts\n12.pielikums Būvprojekti\n13. pielikums (darbu apjomi-tāmes)\n1. pielikums atklāta konkursa “Ludzas pilsdrupu atsegto mūru konservācijas un pilskalna teritorijas labiekārtošanas būvdarbu 1. kārta,\nID Nr. LNP 2020/50/ERAF\n**PIETEIKUMS DALĪBAI ATKLĀTĀ KONKURSĀ**\n„ *Ludzas pilsdrupu atsegto mūru konservācijas un pilskalna teritorijas labiekārtošanas būvdarbu 1. kārta*”\nIdentifikācijas Nr. LNP 2020/50/ERAF\n\\_\\_\\_\\_\\_\\_\\_\\_\\_. gada \\_\\_\\_\\_. \\_\\_\\_\\_\\_\\_\\_\\_\\_\\_\\_\\_\\_\\_\n1. Mēs, apakšā parakstījušies, esam iepazinušies ar atklāta konkursa Nolikumu un piekrītam visiem Nolikuma noteikumiem. Saskaņā ar atklāta konkursa Nolikuma prasībām piedāvājam veikt darbus **par summu:**\n*piedāvājuma cena bez PVN (EUR) skaitļos un vārdiem*\n2. Mēs apliecinām, ka gadījumā, ja mums tiks piešķirtas līguma slēgšanas tiesības, mēs veiksim darbus Nolikumā un Līgumā noteiktajā termiņā.\n3. Ar šo mēs apstiprinām, ka mūsu piedāvājums ir derīgs **200 (divi simti) kalendārās dienas** no piedāvājuma atvēršanas dienas, un var tikt akceptēts jebkurā laikā pirms tā spēkā esamības termiņa izbeigšanās.\n*4.Ar šo apliecinu, ka esmu informējis savus speciālistus par to, ka viņu dati tiks apstrādāti.*\n*5.Ar šo apliecinām, ka visi iepirkuma un iepirkuma nolikuma noteikumi mums ir saprotami un mūsu piedāvājumā sniegtās ziņas ir pareizas un patiesas.*\n|  |  |\n| --- | --- |\n| Pretendenta pārstāvis: |  |\n|  | (amats, paraksts, vārds, uzvārds, zīmogs) |', '17. Finanšu piedāvājumu vērtēšana un izvēle:\n17.1. Pēc tehnisko piedāvājumu atbilstības pārbaudes, Iepirkuma komisijas vērtē to Pretendentu finanšu piedāvājumus, kas nav noraidīti pretendentu atlasē un tehnisko piedāvājumu atbilstības pārbaudē.\n17.2. Finanšu piedāvājumu vērtēšanas laikā Iepirkuma komisijas pārbauda, vai piedāvājumos nav aritmētisku kļūdu.\n17.2.1. Ja Pretendenta tehniskajā un finanšu piedāvājumā konstatētas aritmētiskas kļūdas, tad Iepirkuma komisijas kļūdas izlabo un par kļūdu labojumu un laboto piedāvājuma summu paziņo Pretendentam, kura piedāvājumā kļūdas labotas.\n17.2.2. Vērtējot Pretendenta finanšu piedāvājumu, Iepirkuma komisija ņem vērā kļūdu labojumus.\n17.3. Ja Iepirkuma komisija konstatē, ka Pretendenta finanšu piedāvājums ir nepamatoti lēts, tad Iepirkuma komisijas pirms konkrētā piedāvājuma iespējamās noraidīšanas rakstveidā pieprasa detalizētu paskaidrojumu par būtiskajiem piedāvājuma nosacījumiem saskaņā ar Publisko iepirkumu likuma 53. panta minētajiem nosacījumiem.\n17.4. Iepirkuma komisija izvērtē saņemto Pretendenta paskaidrojumu par apstākļiem, kā rezultātā tā finanšu piedāvājums ir ar tik zemu cenu nekā pārējo Pretendentu finanšu piedāvājumi un pieņem lēmumu par konkrētā Pretendenta piedāvājuma noraidīšanu vai nenoraidīšanu.', '18. Piedāvājuma izvēles kritērijs:\n18.1. Piedāvājuma izvēlēs kritērijs ir **Iepirkuma nolikuma prasībām atbilstošs saimnieciski visizdevīgākais Piedāvājums ar viszemāko cenu.**\n18.2. Iepirkuma komisija pieņem lēmumu piešķirt līguma slēgšanas tiesības pretendentam, kurš nodrošina nolikumā noteikto prasību izpildi un kura piedāvātā cena ir viszemākā.\n**18.3. Izšķirošais piedāvājuma izvēles kritērijs,** ja iepirkuma komisija, pirms pieņem lēmumu par iepirkuma līguma slēgšanu, konstatē, ka vismaz divu piedāvājumu novērtējums atbilstoši izraudzītajam piedāvājumu izvēles kritērijam ir vienāds, par uzvarētāju tiek atzīts Pretendents, kura veiktās vidējās darba devēja sociālās iemaksas apmērs uz vienu nodarbināto pēdējo sešu mēnešu laikā ir vislielākais. Komisija šādā gadījumā pieprasa Pretendentiem informāciju par pēdējo sešu mēnešu laikā veikto vidējo sociālās apdrošināšanas iemaksu apmēru un vidējo nodarbināto skaitu.\n**V. FIZISKU PERSONU DATU APSTRĀDE**\n19. Šīs sadaļas noteikumi nosaka fizisko personu datu apstrādes kārtību gadījumos, kad uz Iepirkumu ir attiecināma Eiropas Parlamenta un Padomes 2016. gada 27. aprīļa regula Nr.\xa02016/679 par fizisku personu datu aizsardzību attiecībā uz personas datu apstrādi un šādu datu brīvu apriti un ar ko atceļ Direktīvu 95/46/EK (**Vispārīgā datu aizsardzības regula**).\n19.1. Personas datu apstrādes nolūki – iepirkuma īstenošana, iepirkuma līguma noslēgšana un izpilde.\n19.2.Pretendents informē visas savā piedāvājumā norādītās fiziskas personas (tai skaitā no visu personu apvienības biedru neatkarīgi no savstarpējo attiecību tiesiskā rakstura, kā arī visu apakšuzņēmēju, ja tādi tiek piesaistīti, speciālistus, darbiniekus, kontaktpersonas u.c.) par datu apstrādi, kuru veiks Pasūtītājs (Ludzas novada pašvaldība), gan Iepirkuma procedūras izvērtēšanas, gan Līguma izpildes laikā, ja ar pretendentu tiks noslēgts iepirkuma līgums.\n19.3. Pretendents apliecina 19.2. apakšpunktā aprakstīto informēšanu, aizpildot un parakstot pieteikuma veidlapu *Pieteikums dalībai iepirkumā* (nolikuma 1. pielikums).\n19.4.Iepirkumā iesniegtajos dokumentos norādīto fizisku personu dati tiks apstrādāti, lai nodrošinātu iepirkuma norisi atbilstoši publisko iepirkumu jomu reglamentējošajiem un citiem normatīvajiem aktiem.\n19.5. Gadījumos, kad to pieprasa publisko iepirkumu jomu reglamentējošie akti vai uz Iepirkuma priekšmeta izpildi attiecināmie normatīvie akti, personu dati tiks publiskoti atbilstoši normatīvajos aktos noteiktam apjomam un prasībām.\n19.6. Katrs pretendenta piesaistītais speciālists, parakstot apliecinājumu par gatavību iesaistīties līguma izpildē, sniedz savu piekrišanu, ka viņa dati tiks uzglabāti un apstrādāti Ludzas novada pašvaldībā konkrētās iepirkuma procedūras veikšanai un iespējamai līguma izpildei, ja normatīvie akti nenosaka Pasūtītajam izsniegt minēto informāciju trešajām personām (citām Valsts pārvaldes vai tiesībsargājošajām iestādēm utt.).', '14. Prasības Finanšu piedāvājumam:\n14.1. Pretendents iesniedz saskaņā ar Nolikuma 10.pielikumu aizpildītu un parakstītu **Finanšu piedāvājumu** un **lokālās tāmes** atbilstoši Ministru kabineta 2017. gada 03. maija noteikumu Nr.\xa0239 „*Noteikumi par Latvijas būvnormatīvu LBN 501-17 „Būvizmaksu noteikšanas kārtība*” formām. Finanšu piedāvājums jāiesniedz *Microsoft Excel* formātā un **obligāti** jāņem vērā Tehniskajā specifikācijā (nolikuma 9. pielikums) minētās prasības.\n14.2. Piedāvājuma Līgumcena sastāv no vienību cenu summām bez pievienotās vērtības nodokļa (PVN) un tā ir jānosaka eiro (EUR). Vienību cenas tiek norādītas ar precizitāti līdz simtdaļai (divi cipari aiz komata).\n14.3. Vienības cenas tiek fiksētas uz visu Līgumu izpildes laiku un netiks pārrēķinātas. Līgumcenas maiņa izmaksu pieauguma dēļ nav pieļaujama. Pretendenta finanšu piedāvājumā jābūt paredzētiem visiem riskiem būvdarbu veikšanai, kas saistīti ar cenu izmaiņām, minimālās darba algas pieaugumu, riskiem, tai skaitā pret trešajām personām, kas var būt saistīti ar būvdarbu izpildi un kvalitāti, un citiem neparedzētiem apstākļiem. Līgumcenas maiņas gadījumi ir norādīti iepirkuma Līguma projektā (11. pielikums).\n14.4. Sastādot finanšu piedāvājumu, būvuzņēmējam katra konkrētā darba izmaksās ir jāparedz visi ar darba izpildi saistītie izdevumi.\n**IV. PRETENDENTU ATLASE, piedāvājumu vērtēšana un izvēle**', '15. Pretendentu atlase/Piedāvājumu vērtēšana:\n15.1. Iepirkuma komisija piedāvājumus izvērtē slēgtā sēdē. Iepirkuma komisija pārbauda Pretendentu atbilstību kvalifikācijas prasībām un piedāvājumu atbilstību un izvēlas piedāvājumu saskaņā ar piedāvājuma izvērtēšanas kritēriju atbilstoši nolikuma 18. punktam.\n15.2. Iepirkuma komisija ir tiesīga Pretendentu kvalifikācijas atbilstības pārbaudi veikt tikai tam Pretendentam, kuram būtu piešķiramas iepirkuma līguma slēgšanas tiesības.\n15.3.Komisija pārbauda, vai Pretendents izpildījis Nolikuma 8. punktā noteiktās piedāvājuma noformējuma prasības. Ja Pretendents nav izpildījis nolikuma 8. punktā noteiktās piedāvājuma noformējuma prasības, Iepirkuma komisija izvērtē un lemj par Pretendenta izslēgšanu no turpmākās dalības iepirkumā.\n15.4. Komisija pārbauda, vai Pretendents ir iesniedzis šī nolikuma 12. punkta apakšpunktos minētos dokumentus un to atbilstību nolikuma prasībām. Ja Pretendents nav iesniedzis šī nolikuma 12. punkta apakšpunktos minētos dokumentus, Pretendents tiek izslēgts no turpmākās vērtēšanas konkursā.\n15.5. Komisija izslēdz Pretendentu no turpmākās dalības iepirkuma procedūrā šādos gadījumos:\n15.5.1. Pretendents nav reģistrēts atbilstoši normatīvo aktu prasībām;\n15.5.2. Publisko iepirkumu likuma 42. panta pirmajā daļā noteiktajos gadījumos, pārbaudi veicot atbilstoši 42. pantā un 43. pantā noteiktajai kārtībai. Ja Pretendents vai personālsabiedrības biedrs, ja Pretendents ir personālsabiedrība, atbilst Publisko iepirkumu likuma\xa042.\xa0panta\xa0pirmās daļas 1., 3., 4., 5., 6. vai 7. punktā minētajam izslēgšanas gadījumam, Pretendents norāda to piedāvājumā un, ja tiek atzīts par tādu, kuram būtu piešķiramas līguma slēgšanas tiesības, iesniedz skaidrojumu un pierādījumus par nodarītā kaitējuma atlīdzināšanu vai noslēgtu vienošanos par nodarītā kaitējuma atlīdzināšanu, sadarbošanos ar izmeklēšanas iestādēm un veiktajiem tehniskajiem, organizatoriskajiem vai personālvadības pasākumiem, lai pierādītu savu uzticamību un novērstu tādu pašu un līdzīgu gadījumu atkārtošanos nākotnē. Ja Pretendents neiesniedz skaidrojumu un pierādījumus, Pasūtītājs izslēdz Pretendentu no dalības iepirkuma procedūrā kā atbilstošu Publisko iepirkumu likuma\xa042.\xa0panta\xa0pirmās daļas 1., 3., 4., 5., 6. vai 7. punktā minētajiem izslēgšanas gadījumam.\n15.5.3. ja Pretendents sniedzis nepatiesu informāciju savas kvalifikācijas novērtēšanai vai vispār nav iesniedzis pieprasīto informāciju, tajā skaitā, nav sniedzis iepirkuma komisijas pieprasīto papildus informāciju iepirkuma komisijas noteiktajā termiņā vai kvalifikācijas dokumenti nav iesniegti atbilstoši Nolikuma prasībām vai to saturs neatbilst Nolikuma prasībām.\n15.5.4. citā Publisko iepirkumu likumā noteiktajā gadījumā.\n15.6. Pretendentam, kurš ir reģistrēts vai pastāvīgi dzīvojošs ārvalstīs, kopā ar piedāvājumu jāiesniedz attiecīgās kompetentās institūcijas izziņu, kas apliecina, ka uz pretendentu neattiecas Publisko iepirkumu likuma 42. panta pirmajā daļā minētie izslēgšanas nosacījumi.\n15.7. Piedāvājuma izvērtēšanas laikā tiks veikta pārbaude attiecībā uz Starptautisko un Latvijas Republikas nacionālo sankciju līkuma 11.1 panta pirmajā daļā minētajiem izslēgšanas noteikumiem.']","Kontekstā ir fragmenti no nolikuma. Noskaidro, vai lietotāja apgalvojums ir patiess, balstoties uz informāciju kontekstā. Spriešanai izmanto izvilkumus no likumiem, ja tādi ir doti. Vienmēr atgriez rezultātu JSON formtā, ietverot atslēgas: 1) 'answer' ar iespējamām vērtībām  'jā', 'nē', vai 'kontekstā nav informācijas'; 2) 'rate' - pārliecību par atbildi skalā  'zema', 'vidēja', 'augsta'; 3) 'explanation' - fragments no konteksta, kas pamato 'jā' vai 'nē' atbildi, vai paskaidrjums, kāda informācija ir nepieciešama, lai atbildētu."
